device: [0] NVIDIA GeForce RTX 3090  24 GB  sm_86  420 W default (100-450)  mem 9751 MHz

=== pass01_baseline@sm600 ===
  gpu condition 'sm600': mem_off=0 core_off=0 pl=420.0W mem_clk=9751.0MHz
  settled: 45.0C -> 45.0C in 0.0s (clock 600.0 MHz)
  ready in 2.3s
  [code  ] code_py_ratelimiter      21.51 tok/s  n= 400  
  [code  ] code_rust_mergesort      21.52 tok/s  n= 400  
  [code  ] code_nginx_cfg           21.52 tok/s  n= 400  
  [prose ] prose_rainbow            21.51 tok/s  n= 400  
  [prose ] prose_bookshelves        21.52 tok/s  n= 400  
  [prose ] prose_letter             21.52 tok/s  n= 400  
  [reason] reason_trains            21.51 tok/s  n= 400  
  [reason] reason_zebra             21.50 tok/s  n= 400  
  [reason] reason_scheduling        21.52 tok/s  n= 400  
  [chat  ] chat_desk_robot          21.53 tok/s  n= 400  
  [chat  ] chat_music               21.51 tok/s  n= 400  
  [chat  ] chat_advice              21.49 tok/s  n= 400  
  [zh    ] zh_self_intro            21.46 tok/s  n= 400  
  [zh    ] zh_tea                   21.47 tok/s  n= 400  
  [zh    ] zh_debug                 21.47 tok/s  n= 400  
  [code  ] code_go_worker           21.46 tok/s  n= 400  
  [code  ] code_sql_report          21.46 tok/s  n= 400  
  [prose ] prose_market             21.47 tok/s  n= 400  
  [prose ] prose_argument           21.46 tok/s  n= 400  
  [reason] reason_probability       21.46 tok/s  n= 400  
  [reason] reason_invariant         21.52 tok/s  n= 400  
  [chat  ] chat_travel              21.52 tok/s  n= 400  
  [chat  ] chat_disagree            21.51 tok/s  n= 400  
  [zh    ] zh_moving                21.51 tok/s  n= 400  
  [zh    ] zh_review                21.53 tok/s  n= 400  

=== pass01_mtp-n3@sm600 ===
  gpu condition 'sm600': mem_off=0 core_off=0 pl=420.0W mem_clk=9751.0MHz
  settled: 60.0C -> 60.0C in 0.0s (clock 600.0 MHz)
  drafter: 0.14.150.562 I common_speculative_init_result: creating MTP draft context against the target model '/home/thc1006/dev/qw
  ready in 14.5s
  drafting confirmed: t_draft_n=3 on warmup
  [code  ] code_py_ratelimiter      34.25 tok/s  n= 400  
  [code  ] code_rust_mergesort      33.32 tok/s  n= 400  
  [code  ] code_nginx_cfg           33.91 tok/s  n= 400  
  [prose ] prose_rainbow            26.30 tok/s  n= 400  
  [prose ] prose_bookshelves        23.21 tok/s  n= 400  
  [prose ] prose_letter             22.40 tok/s  n= 400  
  [reason] reason_trains            32.10 tok/s  n= 400  
  [reason] reason_zebra             26.56 tok/s  n= 400  
  [reason] reason_scheduling        27.50 tok/s  n= 400  
  [chat  ] chat_desk_robot          20.36 tok/s  n= 400  
  [chat  ] chat_music               22.54 tok/s  n= 400  
  [chat  ] chat_advice              22.22 tok/s  n= 400  
  [zh    ] zh_self_intro            20.70 tok/s  n= 400  
  [zh    ] zh_tea                   19.57 tok/s  n= 400  
  [zh    ] zh_debug                 24.61 tok/s  n= 400  
  [code  ] code_go_worker           32.73 tok/s  n= 400  
  [code  ] code_sql_report          34.53 tok/s  n= 400  
  [prose ] prose_market             21.40 tok/s  n= 400  
  [prose ] prose_argument           22.66 tok/s  n= 400  
  [reason] reason_probability       32.79 tok/s  n= 400  
  [reason] reason_invariant         26.64 tok/s  n= 400  
  [chat  ] chat_travel              23.72 tok/s  n= 400  
  [chat  ] chat_disagree            22.68 tok/s  n= 400  
  [zh    ] zh_moving                19.11 tok/s  n= 400  
  [zh    ] zh_review                20.68 tok/s  n= 400  

=== pass01_mtp-n7@sm600 ===
  gpu condition 'sm600': mem_off=0 core_off=0 pl=420.0W mem_clk=9751.0MHz
  settled: 59.0C -> 59.0C in 0.0s (clock 600.0 MHz)
  drafter: 0.02.063.356 I common_speculative_init_result: creating MTP draft context against the target model '/home/thc1006/dev/qw
  ready in 2.3s
  drafting confirmed: t_draft_n=7 on warmup
  [code  ] code_py_ratelimiter      28.02 tok/s  n= 400  
  [code  ] code_rust_mergesort      26.42 tok/s  n= 400  
  [code  ] code_nginx_cfg           27.07 tok/s  n= 400  
  [prose ] prose_rainbow            16.10 tok/s  n= 400  
  [prose ] prose_bookshelves        13.63 tok/s  n= 400  
  [prose ] prose_letter             13.59 tok/s  n= 400  
  [reason] reason_trains            25.45 tok/s  n= 400  
  [reason] reason_zebra             17.64 tok/s  n= 400  
  [reason] reason_scheduling        21.82 tok/s  n= 400  
  [chat  ] chat_desk_robot          12.45 tok/s  n= 400  
  [chat  ] chat_music               13.33 tok/s  n= 400  
  [chat  ] chat_advice              13.61 tok/s  n= 400  
  [zh    ] zh_self_intro            11.49 tok/s  n= 400  
  [zh    ] zh_tea                   12.42 tok/s  n= 400  
  [zh    ] zh_debug                 17.75 tok/s  n= 400  
  [code  ] code_go_worker           26.11 tok/s  n= 400  
  [code  ] code_sql_report          30.06 tok/s  n= 400  
  [prose ] prose_market             11.66 tok/s  n= 400  
  [prose ] prose_argument           13.46 tok/s  n= 400  
  [reason] reason_probability       25.12 tok/s  n= 400  
  [reason] reason_invariant         16.18 tok/s  n= 400  
  [chat  ] chat_travel              15.04 tok/s  n= 400  
  [chat  ] chat_disagree            14.32 tok/s  n= 400  
  [zh    ] zh_moving                10.30 tok/s  n= 400  
  [zh    ] zh_review                13.06 tok/s  n= 400  

=== pass01_baseline@sm1200 ===
  gpu condition 'sm1200': mem_off=0 core_off=0 pl=420.0W mem_clk=9751.0MHz
  settled: 58.0C -> 58.0C in 0.0s (clock 1200.0 MHz)
  ready in 2.2s
  [code  ] code_py_ratelimiter      37.57 tok/s  n= 400  
  [code  ] code_rust_mergesort      37.56 tok/s  n= 400  
  [code  ] code_nginx_cfg           37.52 tok/s  n= 400  
  [prose ] prose_rainbow            37.57 tok/s  n= 400  
  [prose ] prose_bookshelves        37.63 tok/s  n= 400  
  [prose ] prose_letter             37.58 tok/s  n= 400  
  [reason] reason_trains            37.54 tok/s  n= 400  
  [reason] reason_zebra             37.56 tok/s  n= 400  
  [reason] reason_scheduling        37.57 tok/s  n= 400  
  [chat  ] chat_desk_robot          37.59 tok/s  n= 400  
  [chat  ] chat_music               37.59 tok/s  n= 400  
  [chat  ] chat_advice              37.60 tok/s  n= 400  
  [zh    ] zh_self_intro            37.58 tok/s  n= 400  
  [zh    ] zh_tea                   37.58 tok/s  n= 400  
  [zh    ] zh_debug                 37.58 tok/s  n= 400  
  [code  ] code_go_worker           37.58 tok/s  n= 400  
  [code  ] code_sql_report          37.59 tok/s  n= 400  
  [prose ] prose_market             37.60 tok/s  n= 400  
  [prose ] prose_argument           37.60 tok/s  n= 400  
  [reason] reason_probability       37.54 tok/s  n= 400  
  [reason] reason_invariant         37.60 tok/s  n= 400  
  [chat  ] chat_travel              37.53 tok/s  n= 400  
  [chat  ] chat_disagree            37.57 tok/s  n= 400  
  [zh    ] zh_moving                37.61 tok/s  n= 400  
  [zh    ] zh_review                37.64 tok/s  n= 400  

=== pass01_mtp-n3@sm1200 ===
  gpu condition 'sm1200': mem_off=0 core_off=0 pl=420.0W mem_clk=9751.0MHz
  settled: 65.0C -> 60.0C in 20.1s (clock 1200.0 MHz)
  drafter: 0.01.984.449 I common_speculative_init_result: creating MTP draft context against the target model '/home/thc1006/dev/qw
  ready in 2.2s
  drafting confirmed: t_draft_n=3 on warmup
  [code  ] code_py_ratelimiter      64.36 tok/s  n= 400  
  [code  ] code_rust_mergesort      62.69 tok/s  n= 400  
  [code  ] code_nginx_cfg           63.80 tok/s  n= 400  
  [prose ] prose_rainbow            49.47 tok/s  n= 400  
  [prose ] prose_bookshelves        43.80 tok/s  n= 400  
  [prose ] prose_letter             42.19 tok/s  n= 400  
  [reason] reason_trains            60.25 tok/s  n= 400  
  [reason] reason_zebra             49.95 tok/s  n= 400  
  [reason] reason_scheduling        51.70 tok/s  n= 400  
  [chat  ] chat_desk_robot          38.39 tok/s  n= 400  
  [chat  ] chat_music               42.49 tok/s  n= 400  
  [chat  ] chat_advice              41.85 tok/s  n= 400  
  [zh    ] zh_self_intro            39.02 tok/s  n= 400  
  [zh    ] zh_tea                   36.96 tok/s  n= 400  
  [zh    ] zh_debug                 46.46 tok/s  n= 400  
  [code  ] code_go_worker           61.55 tok/s  n= 400  
  [code  ] code_sql_report          64.90 tok/s  n= 400  
  [prose ] prose_market             40.36 tok/s  n= 400  
  [prose ] prose_argument           42.77 tok/s  n= 400  
  [reason] reason_probability       61.59 tok/s  n= 400  
  [reason] reason_invariant         50.18 tok/s  n= 400  
  [chat  ] chat_travel              44.72 tok/s  n= 400  
  [chat  ] chat_disagree            42.74 tok/s  n= 400  
  [zh    ] zh_moving                36.02 tok/s  n= 400  
  [zh    ] zh_review                38.97 tok/s  n= 400  

=== pass01_mtp-n7@sm1200 ===
  gpu condition 'sm1200': mem_off=0 core_off=0 pl=420.0W mem_clk=9751.0MHz
  settled: 65.0C -> 60.0C in 15.1s (clock 1200.0 MHz)
  drafter: 0.01.984.987 I common_speculative_init_result: creating MTP draft context against the target model '/home/thc1006/dev/qw
  ready in 2.2s
  drafting confirmed: t_draft_n=7 on warmup
  [code  ] code_py_ratelimiter      53.15 tok/s  n= 400  
  [code  ] code_rust_mergesort      50.15 tok/s  n= 400  
  [code  ] code_nginx_cfg           51.43 tok/s  n= 400  
  [prose ] prose_rainbow            30.69 tok/s  n= 400  
  [prose ] prose_bookshelves        25.99 tok/s  n= 400  
  [prose ] prose_letter             25.92 tok/s  n= 400  
  [reason] reason_trains            48.30 tok/s  n= 400  
  [reason] reason_zebra             33.61 tok/s  n= 400  
  [reason] reason_scheduling        41.51 tok/s  n= 400  
  [chat  ] chat_desk_robot          23.75 tok/s  n= 400  
  [chat  ] chat_music               25.41 tok/s  n= 400  
  [chat  ] chat_advice              25.95 tok/s  n= 400  
  [zh    ] zh_self_intro            21.91 tok/s  n= 400  
  [zh    ] zh_tea                   23.68 tok/s  n= 400  
  [zh    ] zh_debug                 33.83 tok/s  n= 400  
  [code  ] code_go_worker           49.66 tok/s  n= 400  
  [code  ] code_sql_report          57.10 tok/s  n= 400  
  [prose ] prose_market             22.23 tok/s  n= 400  
  [prose ] prose_argument           25.67 tok/s  n= 400  
  [reason] reason_probability       47.75 tok/s  n= 400  
  [reason] reason_invariant         30.80 tok/s  n= 400  
  [chat  ] chat_travel              28.65 tok/s  n= 400  
  [chat  ] chat_disagree            27.29 tok/s  n= 400  
  [zh    ] zh_moving                19.63 tok/s  n= 400  
  [zh    ] zh_review                24.89 tok/s  n= 400  

=== pass01_baseline@sm1700 ===
  gpu condition 'sm1700': mem_off=0 core_off=0 pl=420.0W mem_clk=9751.0MHz
  settled: 64.0C -> 60.0C in 10.1s (clock 1710.0 MHz)
  ready in 2.2s
  [code  ] code_py_ratelimiter      41.29 tok/s  n= 400  
  [code  ] code_rust_mergesort      41.29 tok/s  n= 400  
  [code  ] code_nginx_cfg           41.28 tok/s  n= 400  
  [prose ] prose_rainbow            41.25 tok/s  n= 400  
  [prose ] prose_bookshelves        41.27 tok/s  n= 400  
  [prose ] prose_letter             41.26 tok/s  n= 400  
  [reason] reason_trains            41.21 tok/s  n= 400  
  [reason] reason_zebra             41.27 tok/s  n= 400  
  [reason] reason_scheduling        41.21 tok/s  n= 400  
  [chat  ] chat_desk_robot          41.27 tok/s  n= 400  
  [chat  ] chat_music               41.27 tok/s  n= 400  
  [chat  ] chat_advice              41.29 tok/s  n= 400  
  [zh    ] zh_self_intro            41.28 tok/s  n= 400  
  [zh    ] zh_tea                   41.28 tok/s  n= 400  
  [zh    ] zh_debug                 41.27 tok/s  n= 400  
  [code  ] code_go_worker           41.23 tok/s  n= 400  
  [code  ] code_sql_report          41.22 tok/s  n= 400  
  [prose ] prose_market             41.28 tok/s  n= 400  
  [prose ] prose_argument           41.29 tok/s  n= 400  
  [reason] reason_probability       41.23 tok/s  n= 400  
  [reason] reason_invariant         41.29 tok/s  n= 400  
  [chat  ] chat_travel              41.30 tok/s  n= 400  
  [chat  ] chat_disagree            41.27 tok/s  n= 400  
  [zh    ] zh_moving                41.30 tok/s  n= 400  
  [zh    ] zh_review                41.31 tok/s  n= 400  

=== pass01_mtp-n3@sm1700 ===
  gpu condition 'sm1700': mem_off=0 core_off=0 pl=420.0W mem_clk=9751.0MHz
  settled: 66.0C -> 60.0C in 30.1s (clock 1710.0 MHz)
  drafter: 0.02.011.851 I common_speculative_init_result: creating MTP draft context against the target model '/home/thc1006/dev/qw
  ready in 2.2s
  drafting confirmed: t_draft_n=3 on warmup
  [code  ] code_py_ratelimiter      83.96 tok/s  n= 400  
  [code  ] code_rust_mergesort      82.00 tok/s  n= 400  
  [code  ] code_nginx_cfg           83.48 tok/s  n= 400  
  [prose ] prose_rainbow            64.93 tok/s  n= 400  
  [prose ] prose_bookshelves        57.18 tok/s  n= 400  
  [prose ] prose_letter             55.22 tok/s  n= 400  
  [reason] reason_trains            78.65 tok/s  n= 400  
  [reason] reason_zebra             65.12 tok/s  n= 400  
  [reason] reason_scheduling        67.26 tok/s  n= 400  
  [chat  ] chat_desk_robot          49.98 tok/s  n= 400  
  [chat  ] chat_music               55.22 tok/s  n= 400  
  [chat  ] chat_advice              54.46 tok/s  n= 400  
  [zh    ] zh_self_intro            50.74 tok/s  n= 400  
  [zh    ] zh_tea                   47.94 tok/s  n= 400  
  [zh    ] zh_debug                 60.25 tok/s  n= 400  
  [code  ] code_go_worker           79.92 tok/s  n= 400  
  [code  ] code_sql_report          84.19 tok/s  n= 400  
  [prose ] prose_market             52.38 tok/s  n= 400  
  [prose ] prose_argument           55.47 tok/s  n= 400  
  [reason] reason_probability       79.78 tok/s  n= 400  
  [reason] reason_invariant         65.20 tok/s  n= 400  
  [chat  ] chat_travel              58.10 tok/s  n= 400  
  [chat  ] chat_disagree            55.42 tok/s  n= 400  
  [zh    ] zh_moving                46.78 tok/s  n= 400  
  [zh    ] zh_review                50.65 tok/s  n= 400  

=== pass01_mtp-n7@sm1700 ===
  gpu condition 'sm1700': mem_off=0 core_off=0 pl=420.0W mem_clk=9751.0MHz
  settled: 70.0C -> 60.0C in 40.2s (clock 1710.0 MHz)
  drafter: 0.01.968.055 I common_speculative_init_result: creating MTP draft context against the target model '/home/thc1006/dev/qw
  ready in 2.2s
  drafting confirmed: t_draft_n=7 on warmup
  [code  ] code_py_ratelimiter      70.62 tok/s  n= 400  
  [code  ] code_rust_mergesort      66.65 tok/s  n= 400  
  [code  ] code_nginx_cfg           68.34 tok/s  n= 400  
  [prose ] prose_rainbow            40.90 tok/s  n= 400  
  [prose ] prose_bookshelves        34.58 tok/s  n= 400  
  [prose ] prose_letter             34.49 tok/s  n= 400  
  [reason] reason_trains            64.08 tok/s  n= 400  
  [reason] reason_zebra             44.73 tok/s  n= 400  
  [reason] reason_scheduling        55.14 tok/s  n= 400  
  [chat  ] chat_desk_robot          31.57 tok/s  n= 400  
  [chat  ] chat_music               33.81 tok/s  n= 400  
  [chat  ] chat_advice              34.50 tok/s  n= 400  
  [zh    ] zh_self_intro            29.11 tok/s  n= 400  
  [zh    ] zh_tea                   31.51 tok/s  n= 400  
  [zh    ] zh_debug                 44.99 tok/s  n= 400  
  [code  ] code_go_worker           65.92 tok/s  n= 400  
  [code  ] code_sql_report          75.71 tok/s  n= 400  
  [prose ] prose_market             29.59 tok/s  n= 400  
  [prose ] prose_argument           34.13 tok/s  n= 400  
  [reason] reason_probability       63.42 tok/s  n= 400  
  [reason] reason_invariant         40.90 tok/s  n= 400  
  [chat  ] chat_travel              38.11 tok/s  n= 400  
  [chat  ] chat_disagree            36.26 tok/s  n= 400  
  [zh    ] zh_moving                26.13 tok/s  n= 400  
  [zh    ] zh_review                33.11 tok/s  n= 400  

=== pass01_baseline@sm1200-bwlo ===
  gpu condition 'sm1200-bwlo': mem_off=-800 core_off=0 pl=420.0W mem_clk=9351.0MHz
  settled: 69.0C -> 60.0C in 30.1s (clock 1200.0 MHz)
  ready in 2.2s
  [code  ] code_py_ratelimiter      36.68 tok/s  n= 400  
  [code  ] code_rust_mergesort      36.67 tok/s  n= 400  
  [code  ] code_nginx_cfg           36.72 tok/s  n= 400  
  [prose ] prose_rainbow            36.71 tok/s  n= 400  
  [prose ] prose_bookshelves        36.70 tok/s  n= 400  
  [prose ] prose_letter             36.69 tok/s  n= 400  
  [reason] reason_trains            36.66 tok/s  n= 400  
  [reason] reason_zebra             36.69 tok/s  n= 400  
  [reason] reason_scheduling        36.64 tok/s  n= 400  
  [chat  ] chat_desk_robot          36.66 tok/s  n= 400  
  [chat  ] chat_music               36.70 tok/s  n= 400  
  [chat  ] chat_advice              36.67 tok/s  n= 400  
  [zh    ] zh_self_intro            36.70 tok/s  n= 400  
  [zh    ] zh_tea                   36.66 tok/s  n= 400  
  [zh    ] zh_debug                 36.67 tok/s  n= 400  
  [code  ] code_go_worker           36.70 tok/s  n= 400  
  [code  ] code_sql_report          36.62 tok/s  n= 400  
  [prose ] prose_market             36.71 tok/s  n= 400  
  [prose ] prose_argument           36.68 tok/s  n= 400  
  [reason] reason_probability       36.67 tok/s  n= 400  
  [reason] reason_invariant         36.66 tok/s  n= 400  
  [chat  ] chat_travel              36.63 tok/s  n= 400  
  [chat  ] chat_disagree            36.64 tok/s  n= 400  
  [zh    ] zh_moving                36.67 tok/s  n= 400  
  [zh    ] zh_review                36.70 tok/s  n= 400  

=== pass01_mtp-n3@sm1200-bwlo ===
  gpu condition 'sm1200-bwlo': mem_off=-800 core_off=0 pl=420.0W mem_clk=9351.0MHz
  settled: 63.0C -> 60.0C in 15.1s (clock 1200.0 MHz)
  drafter: 0.01.997.091 I common_speculative_init_result: creating MTP draft context against the target model '/home/thc1006/dev/qw
  ready in 2.2s
  drafting confirmed: t_draft_n=3 on warmup
  [code  ] code_py_ratelimiter      64.17 tok/s  n= 400  
  [code  ] code_rust_mergesort      62.39 tok/s  n= 400  
  [code  ] code_nginx_cfg           63.57 tok/s  n= 400  
  [prose ] prose_rainbow            49.33 tok/s  n= 400  
  [prose ] prose_bookshelves        43.59 tok/s  n= 400  
  [prose ] prose_letter             42.08 tok/s  n= 400  
  [reason] reason_trains            60.12 tok/s  n= 400  
  [reason] reason_zebra             49.81 tok/s  n= 400  
  [reason] reason_scheduling        51.52 tok/s  n= 400  
  [chat  ] chat_desk_robot          38.29 tok/s  n= 400  
  [chat  ] chat_music               42.38 tok/s  n= 400  
  [chat  ] chat_advice              41.75 tok/s  n= 400  
  [zh    ] zh_self_intro            38.94 tok/s  n= 400  
  [zh    ] zh_tea                   36.81 tok/s  n= 400  
  [zh    ] zh_debug                 46.20 tok/s  n= 400  
  [code  ] code_go_worker           61.25 tok/s  n= 400  
  [code  ] code_sql_report          64.65 tok/s  n= 400  
  [prose ] prose_market             40.20 tok/s  n= 400  
  [prose ] prose_argument           42.57 tok/s  n= 400  
  [reason] reason_probability       61.28 tok/s  n= 400  
  [reason] reason_invariant         50.05 tok/s  n= 400  
  [chat  ] chat_travel              44.50 tok/s  n= 400  
  [chat  ] chat_disagree            42.60 tok/s  n= 400  
  [zh    ] zh_moving                35.92 tok/s  n= 400  
  [zh    ] zh_review                38.81 tok/s  n= 400  

=== pass01_mtp-n7@sm1200-bwlo ===
  gpu condition 'sm1200-bwlo': mem_off=-800 core_off=0 pl=420.0W mem_clk=9351.0MHz
  settled: 63.0C -> 60.0C in 10.1s (clock 1200.0 MHz)
  drafter: 0.02.007.226 I common_speculative_init_result: creating MTP draft context against the target model '/home/thc1006/dev/qw
  ready in 2.2s
  drafting confirmed: t_draft_n=7 on warmup
  [code  ] code_py_ratelimiter      52.99 tok/s  n= 400  
  [code  ] code_rust_mergesort      50.13 tok/s  n= 400  
  [code  ] code_nginx_cfg           51.23 tok/s  n= 400  
  [prose ] prose_rainbow            30.62 tok/s  n= 400  
  [prose ] prose_bookshelves        25.92 tok/s  n= 400  
  [prose ] prose_letter             25.84 tok/s  n= 400  
  [reason] reason_trains            48.20 tok/s  n= 400  
  [reason] reason_zebra             33.54 tok/s  n= 400  
  [reason] reason_scheduling        41.40 tok/s  n= 400  
  [chat  ] chat_desk_robot          23.68 tok/s  n= 400  
  [chat  ] chat_music               25.37 tok/s  n= 400  
  [chat  ] chat_advice              25.89 tok/s  n= 400  
  [zh    ] zh_self_intro            21.86 tok/s  n= 400  
  [zh    ] zh_tea                   23.62 tok/s  n= 400  
  [zh    ] zh_debug                 33.76 tok/s  n= 400  
  [code  ] code_go_worker           49.46 tok/s  n= 400  
  [code  ] code_sql_report          56.93 tok/s  n= 400  
  [prose ] prose_market             22.18 tok/s  n= 400  
  [prose ] prose_argument           25.60 tok/s  n= 400  
  [reason] reason_probability       47.66 tok/s  n= 400  
  [reason] reason_invariant         30.74 tok/s  n= 400  
  [chat  ] chat_travel              28.59 tok/s  n= 400  
  [chat  ] chat_disagree            27.22 tok/s  n= 400  
  [zh    ] zh_moving                19.59 tok/s  n= 400  
  [zh    ] zh_review                24.84 tok/s  n= 400  

=== pass01_baseline@sm1200-bwhi ===
  gpu condition 'sm1200-bwhi': mem_off=800 core_off=0 pl=420.0W mem_clk=10151.0MHz
  settled: 62.0C -> 60.0C in 5.1s (clock 1200.0 MHz)
  ready in 2.2s
  [code  ] code_py_ratelimiter      38.33 tok/s  n= 400  
  [code  ] code_rust_mergesort      38.33 tok/s  n= 400  
  [code  ] code_nginx_cfg           38.28 tok/s  n= 400  
  [prose ] prose_rainbow            38.34 tok/s  n= 400  
  [prose ] prose_bookshelves        38.32 tok/s  n= 400  
  [prose ] prose_letter             38.30 tok/s  n= 400  
  [reason] reason_trains            38.28 tok/s  n= 400  
  [reason] reason_zebra             38.32 tok/s  n= 400  
  [reason] reason_scheduling        38.26 tok/s  n= 400  
  [chat  ] chat_desk_robot          38.33 tok/s  n= 400  
  [chat  ] chat_music               38.34 tok/s  n= 400  
  [chat  ] chat_advice              38.29 tok/s  n= 400  
  [zh    ] zh_self_intro            38.32 tok/s  n= 400  
  [zh    ] zh_tea                   38.32 tok/s  n= 400  
  [zh    ] zh_debug                 38.32 tok/s  n= 400  
  [code  ] code_go_worker           38.34 tok/s  n= 400  
  [code  ] code_sql_report          38.30 tok/s  n= 400  
  [prose ] prose_market             38.32 tok/s  n= 400  
  [prose ] prose_argument           38.30 tok/s  n= 400  
  [reason] reason_probability       38.24 tok/s  n= 400  
  [reason] reason_invariant         38.27 tok/s  n= 400  
  [chat  ] chat_travel              38.27 tok/s  n= 400  
  [chat  ] chat_disagree            38.27 tok/s  n= 400  
  [zh    ] zh_moving                38.35 tok/s  n= 400  
  [zh    ] zh_review                38.29 tok/s  n= 400  

=== pass01_mtp-n3@sm1200-bwhi ===
  gpu condition 'sm1200-bwhi': mem_off=800 core_off=0 pl=420.0W mem_clk=10151.0MHz
  settled: 66.0C -> 60.0C in 25.1s (clock 1200.0 MHz)
  drafter: 0.01.984.496 I common_speculative_init_result: creating MTP draft context against the target model '/home/thc1006/dev/qw
  ready in 2.2s
  drafting confirmed: t_draft_n=3 on warmup
  [code  ] code_py_ratelimiter      64.44 tok/s  n= 400  
  [code  ] code_rust_mergesort      62.66 tok/s  n= 400  
  [code  ] code_nginx_cfg           63.83 tok/s  n= 400  
  [prose ] prose_rainbow            49.55 tok/s  n= 400  
  [prose ] prose_bookshelves        43.81 tok/s  n= 400  
  [prose ] prose_letter             42.29 tok/s  n= 400  
  [reason] reason_trains            60.34 tok/s  n= 400  
  [reason] reason_zebra             50.04 tok/s  n= 400  
  [reason] reason_scheduling        51.78 tok/s  n= 400  
  [chat  ] chat_desk_robot          38.49 tok/s  n= 400  
  [chat  ] chat_music               42.55 tok/s  n= 400  
  [chat  ] chat_advice              41.99 tok/s  n= 400  
  [zh    ] zh_self_intro            39.10 tok/s  n= 400  
  [zh    ] zh_tea                   36.93 tok/s  n= 400  
  [zh    ] zh_debug                 46.47 tok/s  n= 400  
  [code  ] code_go_worker           61.63 tok/s  n= 400  
  [code  ] code_sql_report          64.89 tok/s  n= 400  
  [prose ] prose_market             40.43 tok/s  n= 400  
  [prose ] prose_argument           42.78 tok/s  n= 400  
  [reason] reason_probability       61.66 tok/s  n= 400  
  [reason] reason_invariant         50.32 tok/s  n= 400  
  [chat  ] chat_travel              44.82 tok/s  n= 400  
  [chat  ] chat_disagree            42.82 tok/s  n= 400  
  [zh    ] zh_moving                36.15 tok/s  n= 400  
  [zh    ] zh_review                39.04 tok/s  n= 400  

=== pass01_mtp-n7@sm1200-bwhi ===
  gpu condition 'sm1200-bwhi': mem_off=800 core_off=0 pl=420.0W mem_clk=10151.0MHz
  settled: 63.0C -> 60.0C in 10.1s (clock 1200.0 MHz)
  drafter: 0.01.996.077 I common_speculative_init_result: creating MTP draft context against the target model '/home/thc1006/dev/qw
  ready in 2.2s
  drafting confirmed: t_draft_n=7 on warmup
  [code  ] code_py_ratelimiter      53.24 tok/s  n= 400  
  [code  ] code_rust_mergesort      50.28 tok/s  n= 400  
  [code  ] code_nginx_cfg           51.48 tok/s  n= 400  
  [prose ] prose_rainbow            30.74 tok/s  n= 400  
  [prose ] prose_bookshelves        26.03 tok/s  n= 400  
  [prose ] prose_letter             25.96 tok/s  n= 400  
  [reason] reason_trains            48.40 tok/s  n= 400  
  [reason] reason_zebra             33.69 tok/s  n= 400  
  [reason] reason_scheduling        41.60 tok/s  n= 400  
  [chat  ] chat_desk_robot          23.78 tok/s  n= 400  
  [chat  ] chat_music               25.47 tok/s  n= 400  
  [chat  ] chat_advice              26.01 tok/s  n= 400  
  [zh    ] zh_self_intro            21.96 tok/s  n= 400  
  [zh    ] zh_tea                   23.76 tok/s  n= 400  
  [zh    ] zh_debug                 33.94 tok/s  n= 400  
  [code  ] code_go_worker           49.80 tok/s  n= 400  
  [code  ] code_sql_report          57.23 tok/s  n= 400  
  [prose ] prose_market             22.29 tok/s  n= 400  
  [prose ] prose_argument           25.73 tok/s  n= 400  
  [reason] reason_probability       47.86 tok/s  n= 400  
  [reason] reason_invariant         30.90 tok/s  n= 400  
  [chat  ] chat_travel              28.72 tok/s  n= 400  
  [chat  ] chat_disagree            27.37 tok/s  n= 400  
  [zh    ] zh_moving                19.68 tok/s  n= 400  
  [zh    ] zh_review                24.96 tok/s  n= 400  

=== pass01_baseline@sm1700-bwlo ===
  gpu condition 'sm1700-bwlo': mem_off=-800 core_off=0 pl=420.0W mem_clk=9351.0MHz
  settled: 64.0C -> 60.0C in 10.1s (clock 1710.0 MHz)
  ready in 2.2s
  [code  ] code_py_ratelimiter      39.87 tok/s  n= 400  
  [code  ] code_rust_mergesort      39.86 tok/s  n= 400  
  [code  ] code_nginx_cfg           39.90 tok/s  n= 400  
  [prose ] prose_rainbow            39.87 tok/s  n= 400  
  [prose ] prose_bookshelves        39.87 tok/s  n= 400  
  [prose ] prose_letter             39.82 tok/s  n= 400  
  [reason] reason_trains            39.81 tok/s  n= 400  
  [reason] reason_zebra             39.81 tok/s  n= 400  
  [reason] reason_scheduling        39.82 tok/s  n= 400  
  [chat  ] chat_desk_robot          39.89 tok/s  n= 400  
  [chat  ] chat_music               39.89 tok/s  n= 400  
  [chat  ] chat_advice              39.89 tok/s  n= 400  
  [zh    ] zh_self_intro            39.90 tok/s  n= 400  
  [zh    ] zh_tea                   39.88 tok/s  n= 400  
  [zh    ] zh_debug                 39.87 tok/s  n= 400  
  [code  ] code_go_worker           39.90 tok/s  n= 400  
  [code  ] code_sql_report          39.84 tok/s  n= 400  
  [prose ] prose_market             39.87 tok/s  n= 400  
  [prose ] prose_argument           39.84 tok/s  n= 400  
  [reason] reason_probability       39.78 tok/s  n= 400  
  [reason] reason_invariant         39.83 tok/s  n= 400  
  [chat  ] chat_travel              39.85 tok/s  n= 400  
  [chat  ] chat_disagree            39.86 tok/s  n= 400  
  [zh    ] zh_moving                39.84 tok/s  n= 400  
  [zh    ] zh_review                39.82 tok/s  n= 400  

=== pass01_mtp-n3@sm1700-bwlo ===
  gpu condition 'sm1700-bwlo': mem_off=-800 core_off=0 pl=420.0W mem_clk=9351.0MHz
  settled: 65.0C -> 60.0C in 25.1s (clock 1710.0 MHz)
  drafter: 0.01.955.130 I common_speculative_init_result: creating MTP draft context against the target model '/home/thc1006/dev/qw
  ready in 2.2s
  drafting confirmed: t_draft_n=3 on warmup
  [code  ] code_py_ratelimiter      83.30 tok/s  n= 400  
  [code  ] code_rust_mergesort      81.29 tok/s  n= 400  
  [code  ] code_nginx_cfg           82.53 tok/s  n= 400  
  [prose ] prose_rainbow            64.27 tok/s  n= 400  
  [prose ] prose_bookshelves        56.77 tok/s  n= 400  
  [prose ] prose_letter             54.68 tok/s  n= 400  
  [reason] reason_trains            77.92 tok/s  n= 400  
  [reason] reason_zebra             64.57 tok/s  n= 400  
  [reason] reason_scheduling        66.87 tok/s  n= 400  
  [chat  ] chat_desk_robot          49.65 tok/s  n= 400  
  [chat  ] chat_music               54.81 tok/s  n= 400  
  [chat  ] chat_advice              53.99 tok/s  n= 400  
  [zh    ] zh_self_intro            50.29 tok/s  n= 400  
  [zh    ] zh_tea                   47.56 tok/s  n= 400  
  [zh    ] zh_debug                 59.79 tok/s  n= 400  
  [code  ] code_go_worker           79.33 tok/s  n= 400  
  [code  ] code_sql_report          83.67 tok/s  n= 400  
  [prose ] prose_market             52.05 tok/s  n= 400  
  [prose ] prose_argument           55.05 tok/s  n= 400  
  [reason] reason_probability       79.17 tok/s  n= 400  
  [reason] reason_invariant         64.70 tok/s  n= 400  
  [chat  ] chat_travel              57.72 tok/s  n= 400  
  [chat  ] chat_disagree            55.10 tok/s  n= 400  
  [zh    ] zh_moving                46.46 tok/s  n= 400  
  [zh    ] zh_review                50.34 tok/s  n= 400  

=== pass01_mtp-n7@sm1700-bwlo ===
  gpu condition 'sm1700-bwlo': mem_off=-800 core_off=0 pl=420.0W mem_clk=9351.0MHz
  settled: 70.0C -> 60.0C in 45.2s (clock 1710.0 MHz)
  drafter: 0.01.965.300 I common_speculative_init_result: creating MTP draft context against the target model '/home/thc1006/dev/qw
  ready in 2.2s
  drafting confirmed: t_draft_n=7 on warmup
  [code  ] code_py_ratelimiter      69.94 tok/s  n= 400  
  [code  ] code_rust_mergesort      66.20 tok/s  n= 400  
  [code  ] code_nginx_cfg           67.72 tok/s  n= 400  
  [prose ] prose_rainbow            40.55 tok/s  n= 400  
  [prose ] prose_bookshelves        34.28 tok/s  n= 400  
  [prose ] prose_letter             34.21 tok/s  n= 400  
  [reason] reason_trains            63.52 tok/s  n= 400  
  [reason] reason_zebra             44.34 tok/s  n= 400  
  [reason] reason_scheduling        54.72 tok/s  n= 400  
  [chat  ] chat_desk_robot          31.36 tok/s  n= 400  
  [chat  ] chat_music               33.57 tok/s  n= 400  
  [chat  ] chat_advice              34.29 tok/s  n= 400  
  [zh    ] zh_self_intro            28.93 tok/s  n= 400  
  [zh    ] zh_tea                   31.26 tok/s  n= 400  
  [zh    ] zh_debug                 44.66 tok/s  n= 400  
  [code  ] code_go_worker           65.41 tok/s  n= 400  
  [code  ] code_sql_report          75.13 tok/s  n= 400  
  [prose ] prose_market             29.39 tok/s  n= 400  
  [prose ] prose_argument           33.90 tok/s  n= 400  
  [reason] reason_probability       62.92 tok/s  n= 400  
  [reason] reason_invariant         40.67 tok/s  n= 400  
  [chat  ] chat_travel              37.82 tok/s  n= 400  
  [chat  ] chat_disagree            36.00 tok/s  n= 400  
  [zh    ] zh_moving                25.94 tok/s  n= 400  
  [zh    ] zh_review                32.88 tok/s  n= 400  

=== pass01_baseline@sm1700-bwhi ===
  gpu condition 'sm1700-bwhi': mem_off=800 core_off=0 pl=420.0W mem_clk=10151.0MHz
  settled: 69.0C -> 60.0C in 40.2s (clock 1710.0 MHz)
  ready in 2.2s
  [code  ] code_py_ratelimiter      42.62 tok/s  n= 400  
  [code  ] code_rust_mergesort      42.64 tok/s  n= 400  
  [code  ] code_nginx_cfg           42.62 tok/s  n= 400  
  [prose ] prose_rainbow            42.65 tok/s  n= 400  
  [prose ] prose_bookshelves        42.64 tok/s  n= 400  
  [prose ] prose_letter             42.64 tok/s  n= 400  
  [reason] reason_trains            42.51 tok/s  n= 400  
  [reason] reason_zebra             42.53 tok/s  n= 400  
  [reason] reason_scheduling        42.59 tok/s  n= 400  
  [chat  ] chat_desk_robot          42.62 tok/s  n= 400  
  [chat  ] chat_music               42.64 tok/s  n= 400  
  [chat  ] chat_advice              42.55 tok/s  n= 400  
  [zh    ] zh_self_intro            42.57 tok/s  n= 400  
  [zh    ] zh_tea                   42.62 tok/s  n= 400  
  [zh    ] zh_debug                 42.67 tok/s  n= 400  
  [code  ] code_go_worker           42.64 tok/s  n= 400  
  [code  ] code_sql_report          42.58 tok/s  n= 400  
  [prose ] prose_market             42.59 tok/s  n= 400  
  [prose ] prose_argument           42.61 tok/s  n= 400  
  [reason] reason_probability       42.60 tok/s  n= 400  
  [reason] reason_invariant         42.53 tok/s  n= 400  
  [chat  ] chat_travel              42.54 tok/s  n= 400  
  [chat  ] chat_disagree            42.57 tok/s  n= 400  
  [zh    ] zh_moving                42.61 tok/s  n= 400  
  [zh    ] zh_review                42.62 tok/s  n= 400  

=== pass01_mtp-n3@sm1700-bwhi ===
  gpu condition 'sm1700-bwhi': mem_off=800 core_off=0 pl=420.0W mem_clk=10151.0MHz
  settled: 68.0C -> 60.0C in 25.1s (clock 1710.0 MHz)
  drafter: 0.01.961.359 I common_speculative_init_result: creating MTP draft context against the target model '/home/thc1006/dev/qw
  ready in 2.2s
  drafting confirmed: t_draft_n=3 on warmup
  [code  ] code_py_ratelimiter      84.87 tok/s  n= 400  
  [code  ] code_rust_mergesort      82.62 tok/s  n= 400  
  [code  ] code_nginx_cfg           84.01 tok/s  n= 400  
  [prose ] prose_rainbow            65.17 tok/s  n= 400  
  [prose ] prose_bookshelves        57.48 tok/s  n= 400  
  [prose ] prose_letter             55.43 tok/s  n= 400  
  [reason] reason_trains            78.79 tok/s  n= 400  
  [reason] reason_zebra             65.43 tok/s  n= 400  
  [reason] reason_scheduling        67.67 tok/s  n= 400  
  [chat  ] chat_desk_robot          50.30 tok/s  n= 400  
  [chat  ] chat_music               55.55 tok/s  n= 400  
  [chat  ] chat_advice              54.83 tok/s  n= 400  
  [zh    ] zh_self_intro            51.01 tok/s  n= 400  
  [zh    ] zh_tea                   48.25 tok/s  n= 400  
  [zh    ] zh_debug                 60.64 tok/s  n= 400  
  [code  ] code_go_worker           80.24 tok/s  n= 400  
  [code  ] code_sql_report          84.66 tok/s  n= 400  
  [prose ] prose_market             52.65 tok/s  n= 400  
  [prose ] prose_argument           55.77 tok/s  n= 400  
  [reason] reason_probability       80.26 tok/s  n= 400  
  [reason] reason_invariant         65.49 tok/s  n= 400  
  [chat  ] chat_travel              58.35 tok/s  n= 400  
  [chat  ] chat_disagree            55.81 tok/s  n= 400  
  [zh    ] zh_moving                47.08 tok/s  n= 400  
  [zh    ] zh_review                50.92 tok/s  n= 400  

=== pass01_mtp-n7@sm1700-bwhi ===
  gpu condition 'sm1700-bwhi': mem_off=800 core_off=0 pl=420.0W mem_clk=10151.0MHz
  settled: 71.0C -> 60.0C in 45.2s (clock 1710.0 MHz)
  drafter: 0.01.967.784 I common_speculative_init_result: creating MTP draft context against the target model '/home/thc1006/dev/qw
  ready in 2.2s
  drafting confirmed: t_draft_n=7 on warmup
  [code  ] code_py_ratelimiter      71.17 tok/s  n= 400  
  [code  ] code_rust_mergesort      67.19 tok/s  n= 400  
  [code  ] code_nginx_cfg           68.90 tok/s  n= 400  
  [prose ] prose_rainbow            41.25 tok/s  n= 400  
  [prose ] prose_bookshelves        34.83 tok/s  n= 400  
  [prose ] prose_letter             34.72 tok/s  n= 400  
  [reason] reason_trains            64.63 tok/s  n= 400  
  [reason] reason_zebra             44.99 tok/s  n= 400  
  [reason] reason_scheduling        55.52 tok/s  n= 400  
  [chat  ] chat_desk_robot          31.77 tok/s  n= 400  
  [chat  ] chat_music               33.99 tok/s  n= 400  
  [chat  ] chat_advice              34.70 tok/s  n= 400  
  [zh    ] zh_self_intro            29.28 tok/s  n= 400  
  [zh    ] zh_tea                   31.67 tok/s  n= 400  
  [zh    ] zh_debug                 45.20 tok/s  n= 400  
  [code  ] code_go_worker           66.34 tok/s  n= 400  
  [code  ] code_sql_report          76.13 tok/s  n= 400  
  [prose ] prose_market             29.75 tok/s  n= 400  
  [prose ] prose_argument           34.31 tok/s  n= 400  
  [reason] reason_probability       63.75 tok/s  n= 400  
  [reason] reason_invariant         41.16 tok/s  n= 400  
  [chat  ] chat_travel              38.34 tok/s  n= 400  
  [chat  ] chat_disagree            36.51 tok/s  n= 400  
  [zh    ] zh_moving                26.27 tok/s  n= 400  
  [zh    ] zh_review                33.30 tok/s  n= 400  

=== pass02_mtp-n3@sm600 ===
  gpu condition 'sm600': mem_off=0 core_off=0 pl=420.0W mem_clk=9751.0MHz
  settled: 68.0C -> 60.0C in 30.2s (clock 600.0 MHz)
  drafter: 0.02.079.222 I common_speculative_init_result: creating MTP draft context against the target model '/home/thc1006/dev/qw
  ready in 2.3s
  drafting confirmed: t_draft_n=3 on warmup
  [code  ] code_py_ratelimiter      34.27 tok/s  n= 400  
  [code  ] code_rust_mergesort      33.33 tok/s  n= 400  
  [code  ] code_nginx_cfg           33.92 tok/s  n= 400  
  [prose ] prose_rainbow            26.31 tok/s  n= 400  
  [prose ] prose_bookshelves        23.22 tok/s  n= 400  
  [prose ] prose_letter             22.41 tok/s  n= 400  
  [reason] reason_trains            32.09 tok/s  n= 400  
  [reason] reason_zebra             26.56 tok/s  n= 400  
  [reason] reason_scheduling        27.50 tok/s  n= 400  
  [chat  ] chat_desk_robot          20.37 tok/s  n= 400  
  [chat  ] chat_music               22.54 tok/s  n= 400  
  [chat  ] chat_advice              22.22 tok/s  n= 400  
  [zh    ] zh_self_intro            20.69 tok/s  n= 400  
  [zh    ] zh_tea                   19.57 tok/s  n= 400  
  [zh    ] zh_debug                 24.61 tok/s  n= 400  
  [code  ] code_go_worker           32.74 tok/s  n= 400  
  [code  ] code_sql_report          34.52 tok/s  n= 400  
  [prose ] prose_market             21.39 tok/s  n= 400  
  [prose ] prose_argument           22.66 tok/s  n= 400  
  [reason] reason_probability       32.78 tok/s  n= 400  
  [reason] reason_invariant         26.64 tok/s  n= 400  
  [chat  ] chat_travel              23.72 tok/s  n= 400  
  [chat  ] chat_disagree            22.68 tok/s  n= 400  
  [zh    ] zh_moving                19.10 tok/s  n= 400  
  [zh    ] zh_review                20.68 tok/s  n= 400  

=== pass02_mtp-n7@sm600 ===
  gpu condition 'sm600': mem_off=0 core_off=0 pl=420.0W mem_clk=9751.0MHz
  settled: 58.0C -> 58.0C in 0.0s (clock 600.0 MHz)
  drafter: 0.02.023.941 I common_speculative_init_result: creating MTP draft context against the target model '/home/thc1006/dev/qw
  ready in 2.2s
  drafting confirmed: t_draft_n=7 on warmup
  [code  ] code_py_ratelimiter      28.02 tok/s  n= 400  
  [code  ] code_rust_mergesort      26.43 tok/s  n= 400  
  [code  ] code_nginx_cfg           27.06 tok/s  n= 400  
  [prose ] prose_rainbow            16.11 tok/s  n= 400  
  [prose ] prose_bookshelves        13.63 tok/s  n= 400  
  [prose ] prose_letter             13.59 tok/s  n= 400  
  [reason] reason_trains            25.45 tok/s  n= 400  
  [reason] reason_zebra             17.65 tok/s  n= 400  
  [reason] reason_scheduling        21.82 tok/s  n= 400  
  [chat  ] chat_desk_robot          12.45 tok/s  n= 400  
  [chat  ] chat_music               13.34 tok/s  n= 400  
  [chat  ] chat_advice              13.61 tok/s  n= 400  
  [zh    ] zh_self_intro            11.49 tok/s  n= 400  
  [zh    ] zh_tea                   12.42 tok/s  n= 400  
  [zh    ] zh_debug                 17.75 tok/s  n= 400  
  [code  ] code_go_worker           26.11 tok/s  n= 400  
  [code  ] code_sql_report          30.05 tok/s  n= 400  
  [prose ] prose_market             11.65 tok/s  n= 400  
  [prose ] prose_argument           13.46 tok/s  n= 400  
  [reason] reason_probability       25.12 tok/s  n= 400  
  [reason] reason_invariant         16.17 tok/s  n= 400  
  [chat  ] chat_travel              13.68 tok/s  n= 400  
  [chat  ] chat_disagree            14.32 tok/s  n= 400  
  [zh    ] zh_moving                 9.64 tok/s  n= 400  
  [zh    ] zh_review                13.05 tok/s  n= 400  

=== pass02_baseline@sm1200 ===
  gpu condition 'sm1200': mem_off=0 core_off=0 pl=420.0W mem_clk=9751.0MHz
  settled: 59.0C -> 59.0C in 0.0s (clock 1200.0 MHz)
  ready in 2.2s
  [code  ] code_py_ratelimiter      37.51 tok/s  n= 400  
  [code  ] code_rust_mergesort      37.54 tok/s  n= 400  
  [code  ] code_nginx_cfg           37.54 tok/s  n= 400  
  [prose ] prose_rainbow            37.50 tok/s  n= 400  
  [prose ] prose_bookshelves        37.54 tok/s  n= 400  
  [prose ] prose_letter             37.50 tok/s  n= 400  
  [reason] reason_trains            37.54 tok/s  n= 400  
  [reason] reason_zebra             37.53 tok/s  n= 400  
  [reason] reason_scheduling        37.52 tok/s  n= 400  
  [chat  ] chat_desk_robot          37.49 tok/s  n= 400  
  [chat  ] chat_music               37.56 tok/s  n= 400  
  [chat  ] chat_advice              37.53 tok/s  n= 400  
  [zh    ] zh_self_intro            37.54 tok/s  n= 400  
  [zh    ] zh_tea                   37.51 tok/s  n= 400  
  [zh    ] zh_debug                 37.56 tok/s  n= 400  
  [code  ] code_go_worker           37.40 tok/s  n= 400  
  [code  ] code_sql_report          37.45 tok/s  n= 400  
  [prose ] prose_market             37.61 tok/s  n= 400  
  [prose ] prose_argument           37.61 tok/s  n= 400  
  [reason] reason_probability       37.55 tok/s  n= 400  
  [reason] reason_invariant         37.62 tok/s  n= 400  
  [chat  ] chat_travel              37.60 tok/s  n= 400  
  [chat  ] chat_disagree            37.58 tok/s  n= 400  
  [zh    ] zh_moving                37.61 tok/s  n= 400  
  [zh    ] zh_review                37.60 tok/s  n= 400  

=== pass02_mtp-n3@sm1200 ===
  gpu condition 'sm1200': mem_off=0 core_off=0 pl=420.0W mem_clk=9751.0MHz
  settled: 64.0C -> 60.0C in 15.1s (clock 1200.0 MHz)
  drafter: 0.02.213.748 I common_speculative_init_result: creating MTP draft context against the target model '/home/thc1006/dev/qw
  ready in 2.7s
  drafting confirmed: t_draft_n=3 on warmup
  [code  ] code_py_ratelimiter      64.34 tok/s  n= 400  
  [code  ] code_rust_mergesort      62.60 tok/s  n= 400  
  [code  ] code_nginx_cfg           63.73 tok/s  n= 400  
  [prose ] prose_rainbow            49.48 tok/s  n= 400  
  [prose ] prose_bookshelves        43.74 tok/s  n= 400  
  [prose ] prose_letter             42.23 tok/s  n= 400  
  [reason] reason_trains            60.30 tok/s  n= 400  
  [reason] reason_zebra             49.96 tok/s  n= 400  
  [reason] reason_scheduling        51.76 tok/s  n= 400  
  [chat  ] chat_desk_robot          38.40 tok/s  n= 400  
  [chat  ] chat_music               42.51 tok/s  n= 400  
  [chat  ] chat_advice              41.82 tok/s  n= 400  
  [zh    ] zh_self_intro            39.04 tok/s  n= 400  
  [zh    ] zh_tea                   36.92 tok/s  n= 400  
  [zh    ] zh_debug                 46.39 tok/s  n= 400  
  [code  ] code_go_worker           61.30 tok/s  n= 400  
  [code  ] code_sql_report          64.81 tok/s  n= 400  
  [prose ] prose_market             40.26 tok/s  n= 400  
  [prose ] prose_argument           42.72 tok/s  n= 400  
  [reason] reason_probability       61.52 tok/s  n= 400  
  [reason] reason_invariant         50.18 tok/s  n= 400  
  [chat  ] chat_travel              44.70 tok/s  n= 400  
  [chat  ] chat_disagree            42.75 tok/s  n= 400  
  [zh    ] zh_moving                36.08 tok/s  n= 400  
  [zh    ] zh_review                39.04 tok/s  n= 400  

=== pass02_mtp-n7@sm1200 ===
  gpu condition 'sm1200': mem_off=0 core_off=0 pl=420.0W mem_clk=9751.0MHz
  settled: 64.0C -> 60.0C in 10.1s (clock 1200.0 MHz)
  drafter: 0.01.971.171 I common_speculative_init_result: creating MTP draft context against the target model '/home/thc1006/dev/qw
  ready in 2.2s
  drafting confirmed: t_draft_n=7 on warmup
  [code  ] code_py_ratelimiter      53.19 tok/s  n= 400  
  [code  ] code_rust_mergesort      50.26 tok/s  n= 400  
  [code  ] code_nginx_cfg           51.43 tok/s  n= 400  
  [prose ] prose_rainbow            30.71 tok/s  n= 400  
  [prose ] prose_bookshelves        25.98 tok/s  n= 400  
  [prose ] prose_letter             25.92 tok/s  n= 400  
  [reason] reason_trains            48.34 tok/s  n= 400  
  [reason] reason_zebra             33.62 tok/s  n= 400  
  [reason] reason_scheduling        41.53 tok/s  n= 400  
  [chat  ] chat_desk_robot          23.75 tok/s  n= 400  
  [chat  ] chat_music               25.45 tok/s  n= 400  
  [chat  ] chat_advice              25.97 tok/s  n= 400  
  [zh    ] zh_self_intro            21.93 tok/s  n= 400  
  [zh    ] zh_tea                   23.71 tok/s  n= 400  
  [zh    ] zh_debug                 33.87 tok/s  n= 400  
  [code  ] code_go_worker           49.66 tok/s  n= 400  
  [code  ] code_sql_report          57.11 tok/s  n= 400  
  [prose ] prose_market             22.26 tok/s  n= 400  
  [prose ] prose_argument           25.70 tok/s  n= 400  
  [reason] reason_probability       47.79 tok/s  n= 400  
  [reason] reason_invariant         30.85 tok/s  n= 400  
  [chat  ] chat_travel              28.66 tok/s  n= 400  
  [chat  ] chat_disagree            27.30 tok/s  n= 400  
  [zh    ] zh_moving                19.63 tok/s  n= 400  
  [zh    ] zh_review                24.90 tok/s  n= 400  

=== pass02_baseline@sm1700 ===
  gpu condition 'sm1700': mem_off=0 core_off=0 pl=420.0W mem_clk=9751.0MHz
  settled: 63.0C -> 60.0C in 10.1s (clock 1710.0 MHz)
  ready in 2.2s
  [code  ] code_py_ratelimiter      41.31 tok/s  n= 400  
  [code  ] code_rust_mergesort      41.30 tok/s  n= 400  
  [code  ] code_nginx_cfg           41.31 tok/s  n= 400  
  [prose ] prose_rainbow            41.30 tok/s  n= 400  
  [prose ] prose_bookshelves        41.32 tok/s  n= 400  
  [prose ] prose_letter             41.31 tok/s  n= 400  
  [reason] reason_trains            41.26 tok/s  n= 400  
  [reason] reason_zebra             40.92 tok/s  n= 400  
  [reason] reason_scheduling        41.28 tok/s  n= 400  
  [chat  ] chat_desk_robot          40.81 tok/s  n= 400  
  [chat  ] chat_music               41.30 tok/s  n= 400  
  [chat  ] chat_advice              41.31 tok/s  n= 400  
  [zh    ] zh_self_intro            41.29 tok/s  n= 400  
  [zh    ] zh_tea                   41.30 tok/s  n= 400  
  [zh    ] zh_debug                 41.29 tok/s  n= 400  
  [code  ] code_go_worker           41.28 tok/s  n= 400  
  [code  ] code_sql_report          41.29 tok/s  n= 400  
  [prose ] prose_market             41.28 tok/s  n= 400  
  [prose ] prose_argument           41.29 tok/s  n= 400  
  [reason] reason_probability       41.27 tok/s  n= 400  
  [reason] reason_invariant         41.28 tok/s  n= 400  
  [chat  ] chat_travel              41.30 tok/s  n= 400  
  [chat  ] chat_disagree            41.31 tok/s  n= 400  
  [zh    ] zh_moving                41.31 tok/s  n= 400  
  [zh    ] zh_review                41.26 tok/s  n= 400  

=== pass02_mtp-n3@sm1700 ===
  gpu condition 'sm1700': mem_off=0 core_off=0 pl=420.0W mem_clk=9751.0MHz
  settled: 65.0C -> 60.0C in 20.1s (clock 1710.0 MHz)
  drafter: 0.01.947.214 I common_speculative_init_result: creating MTP draft context against the target model '/home/thc1006/dev/qw
  ready in 2.2s
  drafting confirmed: t_draft_n=3 on warmup
  [code  ] code_py_ratelimiter      84.20 tok/s  n= 400  
  [code  ] code_rust_mergesort      82.09 tok/s  n= 400  
  [code  ] code_nginx_cfg           83.46 tok/s  n= 400  
  [prose ] prose_rainbow            64.99 tok/s  n= 400  
  [prose ] prose_bookshelves        57.34 tok/s  n= 400  
  [prose ] prose_letter             55.23 tok/s  n= 400  
  [reason] reason_trains            78.67 tok/s  n= 400  
  [reason] reason_zebra             65.18 tok/s  n= 400  
  [reason] reason_scheduling        67.42 tok/s  n= 400  
  [chat  ] chat_desk_robot          50.11 tok/s  n= 400  
  [chat  ] chat_music               55.33 tok/s  n= 400  
  [chat  ] chat_advice              54.60 tok/s  n= 400  
  [zh    ] zh_self_intro            50.84 tok/s  n= 400  
  [zh    ] zh_tea                   48.08 tok/s  n= 400  
  [zh    ] zh_debug                 60.40 tok/s  n= 400  
  [code  ] code_go_worker           79.94 tok/s  n= 400  
  [code  ] code_sql_report          84.40 tok/s  n= 400  
  [prose ] prose_market             52.50 tok/s  n= 400  
  [prose ] prose_argument           55.60 tok/s  n= 400  
  [reason] reason_probability       78.85 tok/s  n= 400  
  [reason] reason_invariant         65.34 tok/s  n= 400  
  [chat  ] chat_travel              58.18 tok/s  n= 400  
  [chat  ] chat_disagree            55.48 tok/s  n= 400  
  [zh    ] zh_moving                46.86 tok/s  n= 400  
  [zh    ] zh_review                50.72 tok/s  n= 400  

=== pass02_mtp-n7@sm1700 ===
  gpu condition 'sm1700': mem_off=0 core_off=0 pl=420.0W mem_clk=9751.0MHz
  settled: 72.0C -> 60.0C in 40.2s (clock 1710.0 MHz)
  drafter: 0.01.989.893 I common_speculative_init_result: creating MTP draft context against the target model '/home/thc1006/dev/qw
  ready in 2.2s
  drafting confirmed: t_draft_n=7 on warmup
  [code  ] code_py_ratelimiter      70.53 tok/s  n= 400  
  [code  ] code_rust_mergesort      66.82 tok/s  n= 400  
  [code  ] code_nginx_cfg           68.34 tok/s  n= 400  
  [prose ] prose_rainbow            40.92 tok/s  n= 400  
  [prose ] prose_bookshelves        34.62 tok/s  n= 400  
  [prose ] prose_letter             34.50 tok/s  n= 400  
  [reason] reason_trains            64.11 tok/s  n= 400  
  [reason] reason_zebra             44.72 tok/s  n= 400  
  [reason] reason_scheduling        55.20 tok/s  n= 400  
  [chat  ] chat_desk_robot          31.59 tok/s  n= 400  
  [chat  ] chat_music               33.83 tok/s  n= 400  
  [chat  ] chat_advice              34.55 tok/s  n= 400  
  [zh    ] zh_self_intro            29.17 tok/s  n= 400  
  [zh    ] zh_tea                   31.52 tok/s  n= 400  
  [zh    ] zh_debug                 44.99 tok/s  n= 400  
  [code  ] code_go_worker           65.89 tok/s  n= 400  
  [code  ] code_sql_report          75.69 tok/s  n= 400  
  [prose ] prose_market             29.61 tok/s  n= 400  
  [prose ] prose_argument           34.17 tok/s  n= 400  
  [reason] reason_probability       63.44 tok/s  n= 400  
  [reason] reason_invariant         40.99 tok/s  n= 400  
  [chat  ] chat_travel              38.14 tok/s  n= 400  
  [chat  ] chat_disagree            36.31 tok/s  n= 400  
  [zh    ] zh_moving                26.13 tok/s  n= 400  
  [zh    ] zh_review                33.13 tok/s  n= 400  

=== pass02_baseline@sm1200-bwlo ===
  gpu condition 'sm1200-bwlo': mem_off=-800 core_off=0 pl=420.0W mem_clk=9351.0MHz
  settled: 69.0C -> 60.0C in 35.2s (clock 1200.0 MHz)
  ready in 2.6s
  [code  ] code_py_ratelimiter      36.72 tok/s  n= 400  
  [code  ] code_rust_mergesort      36.72 tok/s  n= 400  
  [code  ] code_nginx_cfg           36.71 tok/s  n= 400  
  [prose ] prose_rainbow            36.71 tok/s  n= 400  
  [prose ] prose_bookshelves        36.75 tok/s  n= 400  
  [prose ] prose_letter             36.74 tok/s  n= 400  
  [reason] reason_trains            36.73 tok/s  n= 400  
  [reason] reason_zebra             36.72 tok/s  n= 400  
  [reason] reason_scheduling        36.73 tok/s  n= 400  
  [chat  ] chat_desk_robot          36.76 tok/s  n= 400  
  [chat  ] chat_music               36.73 tok/s  n= 400  
  [chat  ] chat_advice              36.71 tok/s  n= 400  
  [zh    ] zh_self_intro            36.74 tok/s  n= 400  
  [zh    ] zh_tea                   36.72 tok/s  n= 400  
  [zh    ] zh_debug                 36.71 tok/s  n= 400  
  [code  ] code_go_worker           36.71 tok/s  n= 400  
  [code  ] code_sql_report          36.72 tok/s  n= 400  
  [prose ] prose_market             36.73 tok/s  n= 400  
  [prose ] prose_argument           36.74 tok/s  n= 400  
  [reason] reason_probability       36.70 tok/s  n= 400  
  [reason] reason_invariant         36.72 tok/s  n= 400  
  [chat  ] chat_travel              36.72 tok/s  n= 400  
  [chat  ] chat_disagree            36.70 tok/s  n= 400  
  [zh    ] zh_moving                36.72 tok/s  n= 400  
  [zh    ] zh_review                36.73 tok/s  n= 400  

=== pass02_mtp-n3@sm1200-bwlo ===
  gpu condition 'sm1200-bwlo': mem_off=-800 core_off=0 pl=420.0W mem_clk=9351.0MHz
  settled: 64.0C -> 60.0C in 15.1s (clock 1200.0 MHz)
  drafter: 0.01.991.579 I common_speculative_init_result: creating MTP draft context against the target model '/home/thc1006/dev/qw
  ready in 2.2s
  drafting confirmed: t_draft_n=3 on warmup
  [code  ] code_py_ratelimiter      64.18 tok/s  n= 400  
  [code  ] code_rust_mergesort      62.47 tok/s  n= 400  
  [code  ] code_nginx_cfg           63.60 tok/s  n= 400  
  [prose ] prose_rainbow            48.05 tok/s  n= 400  
  [prose ] prose_bookshelves        43.68 tok/s  n= 400  
  [prose ] prose_letter             42.14 tok/s  n= 400  
  [reason] reason_trains            60.07 tok/s  n= 400  
  [reason] reason_zebra             49.84 tok/s  n= 400  
  [reason] reason_scheduling        51.57 tok/s  n= 400  
  [chat  ] chat_desk_robot          38.34 tok/s  n= 400  
  [chat  ] chat_music               42.38 tok/s  n= 400  
  [chat  ] chat_advice              41.82 tok/s  n= 400  
  [zh    ] zh_self_intro            38.95 tok/s  n= 400  
  [zh    ] zh_tea                   36.86 tok/s  n= 400  
  [zh    ] zh_debug                 46.30 tok/s  n= 400  
  [code  ] code_go_worker           61.44 tok/s  n= 400  
  [code  ] code_sql_report          64.78 tok/s  n= 400  
  [prose ] prose_market             40.30 tok/s  n= 400  
  [prose ] prose_argument           42.68 tok/s  n= 400  
  [reason] reason_probability       61.48 tok/s  n= 400  
  [reason] reason_invariant         50.15 tok/s  n= 400  
  [chat  ] chat_travel              44.70 tok/s  n= 400  
  [chat  ] chat_disagree            42.70 tok/s  n= 400  
  [zh    ] zh_moving                36.03 tok/s  n= 400  
  [zh    ] zh_review                38.97 tok/s  n= 400  

=== pass02_mtp-n7@sm1200-bwlo ===
  gpu condition 'sm1200-bwlo': mem_off=-800 core_off=0 pl=420.0W mem_clk=9351.0MHz
  settled: 62.0C -> 60.0C in 5.0s (clock 1200.0 MHz)
  drafter: 0.10.359.662 I common_speculative_init_result: creating MTP draft context against the target model '/home/thc1006/dev/qw
  ready in 10.5s
  drafting confirmed: t_draft_n=7 on warmup
  [code  ] code_py_ratelimiter      53.06 tok/s  n= 400  
  [code  ] code_rust_mergesort      50.15 tok/s  n= 400  
  [code  ] code_nginx_cfg           51.30 tok/s  n= 400  
  [prose ] prose_rainbow            30.65 tok/s  n= 400  
  [prose ] prose_bookshelves        25.93 tok/s  n= 400  
  [prose ] prose_letter             25.88 tok/s  n= 400  
  [reason] reason_trains            48.28 tok/s  n= 400  
  [reason] reason_zebra             33.56 tok/s  n= 400  
  [reason] reason_scheduling        41.45 tok/s  n= 400  
  [chat  ] chat_desk_robot          23.69 tok/s  n= 400  
  [chat  ] chat_music               25.37 tok/s  n= 400  
  [chat  ] chat_advice              25.90 tok/s  n= 400  
  [zh    ] zh_self_intro            21.87 tok/s  n= 400  
  [zh    ] zh_tea                   23.64 tok/s  n= 400  
  [zh    ] zh_debug                 33.77 tok/s  n= 400  
  [code  ] code_go_worker           49.52 tok/s  n= 400  
  [code  ] code_sql_report          56.95 tok/s  n= 400  
  [prose ] prose_market             22.19 tok/s  n= 400  
  [prose ] prose_argument           25.63 tok/s  n= 400  
  [reason] reason_probability       47.69 tok/s  n= 400  
  [reason] reason_invariant         30.76 tok/s  n= 400  
  [chat  ] chat_travel              28.62 tok/s  n= 400  
  [chat  ] chat_disagree            27.25 tok/s  n= 400  
  [zh    ] zh_moving                19.60 tok/s  n= 400  
  [zh    ] zh_review                24.85 tok/s  n= 400  

=== pass02_baseline@sm1200-bwhi ===
  gpu condition 'sm1200-bwhi': mem_off=800 core_off=0 pl=420.0W mem_clk=10151.0MHz
  settled: 62.0C -> 60.0C in 5.0s (clock 1200.0 MHz)
  ready in 2.2s
  [code  ] code_py_ratelimiter      38.33 tok/s  n= 400  
  [code  ] code_rust_mergesort      38.34 tok/s  n= 400  
  [code  ] code_nginx_cfg           38.38 tok/s  n= 400  
  [prose ] prose_rainbow            38.37 tok/s  n= 400  
  [prose ] prose_bookshelves        38.38 tok/s  n= 400  
  [prose ] prose_letter             38.35 tok/s  n= 400  
  [reason] reason_trains            38.34 tok/s  n= 400  
  [reason] reason_zebra             38.34 tok/s  n= 400  
  [reason] reason_scheduling        38.35 tok/s  n= 400  
  [chat  ] chat_desk_robot          38.38 tok/s  n= 400  
  [chat  ] chat_music               38.37 tok/s  n= 400  
  [chat  ] chat_advice              38.36 tok/s  n= 400  
  [zh    ] zh_self_intro            38.38 tok/s  n= 400  
  [zh    ] zh_tea                   38.37 tok/s  n= 400  
  [zh    ] zh_debug                 38.38 tok/s  n= 400  
  [code  ] code_go_worker           38.38 tok/s  n= 400  
  [code  ] code_sql_report          38.39 tok/s  n= 400  
  [prose ] prose_market             38.39 tok/s  n= 400  
  [prose ] prose_argument           38.36 tok/s  n= 400  
  [reason] reason_probability       38.36 tok/s  n= 400  
  [reason] reason_invariant         38.38 tok/s  n= 400  
  [chat  ] chat_travel              38.38 tok/s  n= 400  
  [chat  ] chat_disagree            38.34 tok/s  n= 400  
  [zh    ] zh_moving                38.39 tok/s  n= 400  
  [zh    ] zh_review                38.37 tok/s  n= 400  

=== pass02_mtp-n3@sm1200-bwhi ===
  gpu condition 'sm1200-bwhi': mem_off=800 core_off=0 pl=420.0W mem_clk=10151.0MHz
  settled: 64.0C -> 60.0C in 15.1s (clock 1200.0 MHz)
  drafter: 0.01.979.353 I common_speculative_init_result: creating MTP draft context against the target model '/home/thc1006/dev/qw
  ready in 2.2s
  drafting confirmed: t_draft_n=3 on warmup
  [code  ] code_py_ratelimiter      64.44 tok/s  n= 400  
  [code  ] code_rust_mergesort      62.74 tok/s  n= 400  
  [code  ] code_nginx_cfg           63.89 tok/s  n= 400  
  [prose ] prose_rainbow            49.68 tok/s  n= 400  
  [prose ] prose_bookshelves        43.87 tok/s  n= 400  
  [prose ] prose_letter             42.33 tok/s  n= 400  
  [reason] reason_trains            60.44 tok/s  n= 400  
  [reason] reason_zebra             50.10 tok/s  n= 400  
  [reason] reason_scheduling        51.88 tok/s  n= 400  
  [chat  ] chat_desk_robot          38.53 tok/s  n= 400  
  [chat  ] chat_music               42.62 tok/s  n= 400  
  [chat  ] chat_advice              42.05 tok/s  n= 400  
  [zh    ] zh_self_intro            39.15 tok/s  n= 400  
  [zh    ] zh_tea                   37.01 tok/s  n= 400  
  [zh    ] zh_debug                 46.53 tok/s  n= 400  
  [code  ] code_go_worker           61.72 tok/s  n= 400  
  [code  ] code_sql_report          65.00 tok/s  n= 400  
  [prose ] prose_market             40.43 tok/s  n= 400  
  [prose ] prose_argument           42.79 tok/s  n= 400  
  [reason] reason_probability       61.75 tok/s  n= 400  
  [reason] reason_invariant         50.34 tok/s  n= 400  
  [chat  ] chat_travel              44.83 tok/s  n= 400  
  [chat  ] chat_disagree            42.85 tok/s  n= 400  
  [zh    ] zh_moving                36.16 tok/s  n= 400  
  [zh    ] zh_review                39.12 tok/s  n= 400  

=== pass02_mtp-n7@sm1200-bwhi ===
  gpu condition 'sm1200-bwhi': mem_off=800 core_off=0 pl=420.0W mem_clk=10151.0MHz
  settled: 63.0C -> 60.0C in 10.1s (clock 1200.0 MHz)
  drafter: 0.02.003.496 I common_speculative_init_result: creating MTP draft context against the target model '/home/thc1006/dev/qw
  ready in 2.2s
  drafting confirmed: t_draft_n=7 on warmup
  [code  ] code_py_ratelimiter      53.29 tok/s  n= 400  
  [code  ] code_rust_mergesort      50.34 tok/s  n= 400  
  [code  ] code_nginx_cfg           51.52 tok/s  n= 400  
  [prose ] prose_rainbow            30.76 tok/s  n= 400  
  [prose ] prose_bookshelves        26.03 tok/s  n= 400  
  [prose ] prose_letter             25.97 tok/s  n= 400  
  [reason] reason_trains            48.45 tok/s  n= 400  
  [reason] reason_zebra             33.71 tok/s  n= 400  
  [reason] reason_scheduling        41.66 tok/s  n= 400  
  [chat  ] chat_desk_robot          23.80 tok/s  n= 400  
  [chat  ] chat_music               25.50 tok/s  n= 400  
  [chat  ] chat_advice              26.02 tok/s  n= 400  
  [zh    ] zh_self_intro            21.97 tok/s  n= 400  
  [zh    ] zh_tea                   23.75 tok/s  n= 400  
  [zh    ] zh_debug                 33.93 tok/s  n= 400  
  [code  ] code_go_worker           49.75 tok/s  n= 400  
  [code  ] code_sql_report          57.21 tok/s  n= 400  
  [prose ] prose_market             22.30 tok/s  n= 400  
  [prose ] prose_argument           25.73 tok/s  n= 400  
  [reason] reason_probability       47.86 tok/s  n= 400  
  [reason] reason_invariant         30.87 tok/s  n= 400  
  [chat  ] chat_travel              28.72 tok/s  n= 400  
  [chat  ] chat_disagree            27.35 tok/s  n= 400  
  [zh    ] zh_moving                19.68 tok/s  n= 400  
  [zh    ] zh_review                24.95 tok/s  n= 400  

=== pass02_baseline@sm1700-bwlo ===
  gpu condition 'sm1700-bwlo': mem_off=-800 core_off=0 pl=420.0W mem_clk=9351.0MHz
  settled: 63.0C -> 60.0C in 10.1s (clock 1710.0 MHz)
  ready in 2.2s
  [code  ] code_py_ratelimiter      39.91 tok/s  n= 400  
  [code  ] code_rust_mergesort      39.89 tok/s  n= 400  
  [code  ] code_nginx_cfg           39.90 tok/s  n= 400  
  [prose ] prose_rainbow            39.90 tok/s  n= 400  
  [prose ] prose_bookshelves        39.90 tok/s  n= 400  
  [prose ] prose_letter             39.93 tok/s  n= 400  
  [reason] reason_trains            39.86 tok/s  n= 400  
  [reason] reason_zebra             39.90 tok/s  n= 400  
  [reason] reason_scheduling        39.90 tok/s  n= 400  
  [chat  ] chat_desk_robot          39.93 tok/s  n= 400  
  [chat  ] chat_music               39.92 tok/s  n= 400  
  [chat  ] chat_advice              39.89 tok/s  n= 400  
  [zh    ] zh_self_intro            39.95 tok/s  n= 400  
  [zh    ] zh_tea                   39.94 tok/s  n= 400  
  [zh    ] zh_debug                 39.91 tok/s  n= 400  
  [code  ] code_go_worker           39.94 tok/s  n= 400  
  [code  ] code_sql_report          39.93 tok/s  n= 400  
  [prose ] prose_market             39.93 tok/s  n= 400  
  [prose ] prose_argument           39.93 tok/s  n= 400  
  [reason] reason_probability       39.91 tok/s  n= 400  
  [reason] reason_invariant         39.92 tok/s  n= 400  
  [chat  ] chat_travel              39.90 tok/s  n= 400  
  [chat  ] chat_disagree            39.90 tok/s  n= 400  
  [zh    ] zh_moving                39.89 tok/s  n= 400  
  [zh    ] zh_review                39.91 tok/s  n= 400  

=== pass02_mtp-n3@sm1700-bwlo ===
  gpu condition 'sm1700-bwlo': mem_off=-800 core_off=0 pl=420.0W mem_clk=9351.0MHz
  settled: 68.0C -> 60.0C in 25.1s (clock 1710.0 MHz)
  drafter: 0.01.988.284 I common_speculative_init_result: creating MTP draft context against the target model '/home/thc1006/dev/qw
  ready in 2.2s
  drafting confirmed: t_draft_n=3 on warmup
  [code  ] code_py_ratelimiter      83.26 tok/s  n= 400  
  [code  ] code_rust_mergesort      81.20 tok/s  n= 400  
  [code  ] code_nginx_cfg           82.58 tok/s  n= 400  
  [prose ] prose_rainbow            64.37 tok/s  n= 400  
  [prose ] prose_bookshelves        56.88 tok/s  n= 400  
  [prose ] prose_letter             54.99 tok/s  n= 400  
  [reason] reason_trains            78.22 tok/s  n= 400  
  [reason] reason_zebra             64.88 tok/s  n= 400  
  [reason] reason_scheduling        67.12 tok/s  n= 400  
  [chat  ] chat_desk_robot          49.91 tok/s  n= 400  
  [chat  ] chat_music               55.11 tok/s  n= 400  
  [chat  ] chat_advice              54.38 tok/s  n= 400  
  [zh    ] zh_self_intro            50.60 tok/s  n= 400  
  [zh    ] zh_tea                   47.79 tok/s  n= 400  
  [zh    ] zh_debug                 60.07 tok/s  n= 400  
  [code  ] code_go_worker           79.65 tok/s  n= 400  
  [code  ] code_sql_report          83.80 tok/s  n= 400  
  [prose ] prose_market             52.18 tok/s  n= 400  
  [prose ] prose_argument           55.27 tok/s  n= 400  
  [reason] reason_probability       79.53 tok/s  n= 400  
  [reason] reason_invariant         65.01 tok/s  n= 400  
  [chat  ] chat_travel              57.79 tok/s  n= 400  
  [chat  ] chat_disagree            55.27 tok/s  n= 400  
  [zh    ] zh_moving                46.54 tok/s  n= 400  
  [zh    ] zh_review                50.42 tok/s  n= 400  

=== pass02_mtp-n7@sm1700-bwlo ===
  gpu condition 'sm1700-bwlo': mem_off=-800 core_off=0 pl=420.0W mem_clk=9351.0MHz
  settled: 70.0C -> 60.0C in 40.2s (clock 1710.0 MHz)
  drafter: 0.01.961.646 I common_speculative_init_result: creating MTP draft context against the target model '/home/thc1006/dev/qw
  ready in 2.2s
  drafting confirmed: t_draft_n=7 on warmup
  [code  ] code_py_ratelimiter      69.86 tok/s  n= 400  
  [code  ] code_rust_mergesort      66.16 tok/s  n= 400  
  [code  ] code_nginx_cfg           67.81 tok/s  n= 400  
  [prose ] prose_rainbow            40.60 tok/s  n= 400  
  [prose ] prose_bookshelves        34.35 tok/s  n= 400  
  [prose ] prose_letter             34.30 tok/s  n= 400  
  [reason] reason_trains            63.63 tok/s  n= 400  
  [reason] reason_zebra             44.42 tok/s  n= 400  
  [reason] reason_scheduling        54.85 tok/s  n= 400  
  [chat  ] chat_desk_robot          31.40 tok/s  n= 400  
  [chat  ] chat_music               33.62 tok/s  n= 400  
  [chat  ] chat_advice              34.33 tok/s  n= 400  
  [zh    ] zh_self_intro            28.98 tok/s  n= 400  
  [zh    ] zh_tea                   31.32 tok/s  n= 400  
  [zh    ] zh_debug                 44.74 tok/s  n= 400  
  [code  ] code_go_worker           65.47 tok/s  n= 400  
  [code  ] code_sql_report          75.21 tok/s  n= 400  
  [prose ] prose_market             29.41 tok/s  n= 400  
  [prose ] prose_argument           33.91 tok/s  n= 400  
  [reason] reason_probability       62.88 tok/s  n= 400  
  [reason] reason_invariant         40.65 tok/s  n= 400  
  [chat  ] chat_travel              37.84 tok/s  n= 400  
  [chat  ] chat_disagree            36.02 tok/s  n= 400  
  [zh    ] zh_moving                25.93 tok/s  n= 400  
  [zh    ] zh_review                32.89 tok/s  n= 400  

=== pass02_baseline@sm1700-bwhi ===
  gpu condition 'sm1700-bwhi': mem_off=800 core_off=0 pl=420.0W mem_clk=10151.0MHz
  settled: 69.0C -> 60.0C in 40.2s (clock 1710.0 MHz)
  ready in 2.2s
  [code  ] code_py_ratelimiter      42.69 tok/s  n= 400  
  [code  ] code_rust_mergesort      42.67 tok/s  n= 400  
  [code  ] code_nginx_cfg           42.71 tok/s  n= 400  
  [prose ] prose_rainbow            42.71 tok/s  n= 400  
  [prose ] prose_bookshelves        42.70 tok/s  n= 400  
  [prose ] prose_letter             42.71 tok/s  n= 400  
  [reason] reason_trains            42.67 tok/s  n= 400  
  [reason] reason_zebra             42.67 tok/s  n= 400  
  [reason] reason_scheduling        42.67 tok/s  n= 400  
  [chat  ] chat_desk_robot          42.71 tok/s  n= 400  
  [chat  ] chat_music               42.70 tok/s  n= 400  
  [chat  ] chat_advice              42.68 tok/s  n= 400  
  [zh    ] zh_self_intro            42.69 tok/s  n= 400  
  [zh    ] zh_tea                   42.71 tok/s  n= 400  
  [zh    ] zh_debug                 42.69 tok/s  n= 400  
  [code  ] code_go_worker           42.73 tok/s  n= 400  
  [code  ] code_sql_report          42.71 tok/s  n= 400  
  [prose ] prose_market             42.65 tok/s  n= 400  
  [prose ] prose_argument           42.67 tok/s  n= 400  
  [reason] reason_probability       42.63 tok/s  n= 400  
  [reason] reason_invariant         42.67 tok/s  n= 400  
  [chat  ] chat_travel              42.68 tok/s  n= 400  
  [chat  ] chat_disagree            42.68 tok/s  n= 400  
  [zh    ] zh_moving                42.67 tok/s  n= 400  
  [zh    ] zh_review                42.67 tok/s  n= 400  

=== pass02_mtp-n3@sm1700-bwhi ===
  gpu condition 'sm1700-bwhi': mem_off=800 core_off=0 pl=420.0W mem_clk=10151.0MHz
  settled: 65.0C -> 60.0C in 20.1s (clock 1710.0 MHz)
  drafter: 0.01.953.151 I common_speculative_init_result: creating MTP draft context against the target model '/home/thc1006/dev/qw
  ready in 2.2s
  drafting confirmed: t_draft_n=3 on warmup
  [code  ] code_py_ratelimiter      84.88 tok/s  n= 400  
  [code  ] code_rust_mergesort      82.74 tok/s  n= 400  
  [code  ] code_nginx_cfg           83.99 tok/s  n= 400  
  [prose ] prose_rainbow            65.26 tok/s  n= 400  
  [prose ] prose_bookshelves        57.59 tok/s  n= 400  
  [prose ] prose_letter             55.62 tok/s  n= 400  
  [reason] reason_trains            79.05 tok/s  n= 400  
  [reason] reason_zebra             65.70 tok/s  n= 400  
  [reason] reason_scheduling        67.95 tok/s  n= 400  
  [chat  ] chat_desk_robot          50.35 tok/s  n= 400  
  [chat  ] chat_music               55.65 tok/s  n= 400  
  [chat  ] chat_advice              54.85 tok/s  n= 400  
  [zh    ] zh_self_intro            51.08 tok/s  n= 400  
  [zh    ] zh_tea                   48.30 tok/s  n= 400  
  [zh    ] zh_debug                 60.66 tok/s  n= 400  
  [code  ] code_go_worker           80.41 tok/s  n= 400  
  [code  ] code_sql_report          84.75 tok/s  n= 400  
  [prose ] prose_market             52.74 tok/s  n= 400  
  [prose ] prose_argument           55.79 tok/s  n= 400  
  [reason] reason_probability       80.30 tok/s  n= 400  
  [reason] reason_invariant         65.46 tok/s  n= 400  
  [chat  ] chat_travel              58.35 tok/s  n= 400  
  [chat  ] chat_disagree            55.74 tok/s  n= 400  
  [zh    ] zh_moving                47.01 tok/s  n= 400  
  [zh    ] zh_review                50.89 tok/s  n= 400  

=== pass02_mtp-n7@sm1700-bwhi ===
  gpu condition 'sm1700-bwhi': mem_off=800 core_off=0 pl=420.0W mem_clk=10151.0MHz
  settled: 71.0C -> 60.0C in 40.2s (clock 1710.0 MHz)
  drafter: 0.01.966.410 I common_speculative_init_result: creating MTP draft context against the target model '/home/thc1006/dev/qw
  ready in 2.2s
  drafting confirmed: t_draft_n=7 on warmup
  [code  ] code_py_ratelimiter      71.30 tok/s  n= 400  
  [code  ] code_rust_mergesort      67.45 tok/s  n= 400  
  [code  ] code_nginx_cfg           69.05 tok/s  n= 400  
  [prose ] prose_rainbow            41.28 tok/s  n= 400  
  [prose ] prose_bookshelves        34.90 tok/s  n= 400  
  [prose ] prose_letter             34.80 tok/s  n= 400  
  [reason] reason_trains            64.72 tok/s  n= 400  
  [reason] reason_zebra             45.05 tok/s  n= 400  
  [reason] reason_scheduling        55.65 tok/s  n= 400  
  [chat  ] chat_desk_robot          31.82 tok/s  n= 400  
  [chat  ] chat_music               34.08 tok/s  n= 400  
  [chat  ] chat_advice              34.76 tok/s  n= 400  
  [zh    ] zh_self_intro            29.34 tok/s  n= 400  
  [zh    ] zh_tea                   31.73 tok/s  n= 400  
  [zh    ] zh_debug                 45.31 tok/s  n= 400  
  [code  ] code_go_worker           66.45 tok/s  n= 400  
  [code  ] code_sql_report          76.34 tok/s  n= 400  
  [prose ] prose_market             29.80 tok/s  n= 400  
  [prose ] prose_argument           34.39 tok/s  n= 400  
  [reason] reason_probability       63.89 tok/s  n= 400  
  [reason] reason_invariant         41.26 tok/s  n= 400  
  [chat  ] chat_travel              38.40 tok/s  n= 400  
  [chat  ] chat_disagree            36.58 tok/s  n= 400  
  [zh    ] zh_moving                26.31 tok/s  n= 400  
  [zh    ] zh_review                33.35 tok/s  n= 400  

=== pass02_baseline@sm600 ===
  gpu condition 'sm600': mem_off=0 core_off=0 pl=420.0W mem_clk=9751.0MHz
  settled: 68.0C -> 60.0C in 30.2s (clock 600.0 MHz)
  ready in 2.3s
  [code  ] code_py_ratelimiter      21.52 tok/s  n= 400  
  [code  ] code_rust_mergesort      21.53 tok/s  n= 400  
  [code  ] code_nginx_cfg           21.53 tok/s  n= 400  
  [prose ] prose_rainbow            21.52 tok/s  n= 400  
  [prose ] prose_bookshelves        21.54 tok/s  n= 400  
  [prose ] prose_letter             21.54 tok/s  n= 400  
  [reason] reason_trains            21.53 tok/s  n= 400  
  [reason] reason_zebra             21.53 tok/s  n= 400  
  [reason] reason_scheduling        21.53 tok/s  n= 400  
  [chat  ] chat_desk_robot          21.54 tok/s  n= 400  
  [chat  ] chat_music               21.55 tok/s  n= 400  
  [chat  ] chat_advice              21.54 tok/s  n= 400  
  [zh    ] zh_self_intro            21.54 tok/s  n= 400  
  [zh    ] zh_tea                   21.54 tok/s  n= 400  
  [zh    ] zh_debug                 21.54 tok/s  n= 400  
  [code  ] code_go_worker           21.54 tok/s  n= 400  
  [code  ] code_sql_report          21.54 tok/s  n= 400  
  [prose ] prose_market             21.54 tok/s  n= 400  
  [prose ] prose_argument           21.55 tok/s  n= 400  
  [reason] reason_probability       21.53 tok/s  n= 400  
  [reason] reason_invariant         21.55 tok/s  n= 400  
  [chat  ] chat_travel              21.54 tok/s  n= 400  
  [chat  ] chat_disagree            21.54 tok/s  n= 400  
  [zh    ] zh_moving                21.54 tok/s  n= 400  
  [zh    ] zh_review                21.55 tok/s  n= 400  

=== pass03_mtp-n7@sm600 ===
  gpu condition 'sm600': mem_off=0 core_off=0 pl=420.0W mem_clk=9751.0MHz
  settled: 59.0C -> 59.0C in 0.0s (clock 600.0 MHz)
  drafter: 0.02.012.078 I common_speculative_init_result: creating MTP draft context against the target model '/home/thc1006/dev/qw
  ready in 2.2s
  drafting confirmed: t_draft_n=7 on warmup
  [code  ] code_py_ratelimiter      28.03 tok/s  n= 400  
  [code  ] code_rust_mergesort      26.44 tok/s  n= 400  
  [code  ] code_nginx_cfg           27.07 tok/s  n= 400  
  [prose ] prose_rainbow            16.11 tok/s  n= 400  
  [prose ] prose_bookshelves        13.64 tok/s  n= 400  
  [prose ] prose_letter             13.59 tok/s  n= 400  
  [reason] reason_trains            25.46 tok/s  n= 400  
  [reason] reason_zebra             17.65 tok/s  n= 400  
  [reason] reason_scheduling        21.83 tok/s  n= 400  
  [chat  ] chat_desk_robot          12.45 tok/s  n= 400  
  [chat  ] chat_music               13.34 tok/s  n= 400  
  [chat  ] chat_advice              13.61 tok/s  n= 400  
  [zh    ] zh_self_intro            11.49 tok/s  n= 400  
  [zh    ] zh_tea                   12.42 tok/s  n= 400  
  [zh    ] zh_debug                 17.76 tok/s  n= 400  
  [code  ] code_go_worker           26.12 tok/s  n= 400  
  [code  ] code_sql_report          30.08 tok/s  n= 400  
  [prose ] prose_market             11.66 tok/s  n= 400  
  [prose ] prose_argument           13.47 tok/s  n= 400  
  [reason] reason_probability       25.13 tok/s  n= 400  
  [reason] reason_invariant         16.18 tok/s  n= 400  
  [chat  ] chat_travel              15.04 tok/s  n= 400  
  [chat  ] chat_disagree            14.32 tok/s  n= 400  
  [zh    ] zh_moving                10.30 tok/s  n= 400  
  [zh    ] zh_review                13.06 tok/s  n= 400  

=== pass03_baseline@sm1200 ===
  gpu condition 'sm1200': mem_off=0 core_off=0 pl=420.0W mem_clk=9751.0MHz
  settled: 58.0C -> 58.0C in 0.0s (clock 1200.0 MHz)
  ready in 2.3s
  [code  ] code_py_ratelimiter      37.60 tok/s  n= 400  
  [code  ] code_rust_mergesort      37.61 tok/s  n= 400  
  [code  ] code_nginx_cfg           37.58 tok/s  n= 400  
  [prose ] prose_rainbow            37.54 tok/s  n= 400  
  [prose ] prose_bookshelves        37.59 tok/s  n= 400  
  [prose ] prose_letter             37.58 tok/s  n= 400  
  [reason] reason_trains            37.58 tok/s  n= 400  
  [reason] reason_zebra             37.55 tok/s  n= 400  
  [reason] reason_scheduling        37.54 tok/s  n= 400  
  [chat  ] chat_desk_robot          37.58 tok/s  n= 400  
  [chat  ] chat_music               37.59 tok/s  n= 400  
  [chat  ] chat_advice              37.59 tok/s  n= 400  
  [zh    ] zh_self_intro            37.61 tok/s  n= 400  
  [zh    ] zh_tea                   37.61 tok/s  n= 400  
  [zh    ] zh_debug                 37.61 tok/s  n= 400  
  [code  ] code_go_worker           37.59 tok/s  n= 400  
  [code  ] code_sql_report          37.58 tok/s  n= 400  
  [prose ] prose_market             37.57 tok/s  n= 400  
  [prose ] prose_argument           37.59 tok/s  n= 400  
  [reason] reason_probability       37.56 tok/s  n= 400  
  [reason] reason_invariant         37.58 tok/s  n= 400  
  [chat  ] chat_travel              37.57 tok/s  n= 400  
  [chat  ] chat_disagree            37.57 tok/s  n= 400  
  [zh    ] zh_moving                37.59 tok/s  n= 400  
  [zh    ] zh_review                37.56 tok/s  n= 400  

=== pass03_mtp-n3@sm1200 ===
  gpu condition 'sm1200': mem_off=0 core_off=0 pl=420.0W mem_clk=9751.0MHz
  settled: 65.0C -> 60.0C in 15.1s (clock 1200.0 MHz)
  drafter: 0.02.014.108 I common_speculative_init_result: creating MTP draft context against the target model '/home/thc1006/dev/qw
  ready in 2.2s
  drafting confirmed: t_draft_n=3 on warmup
  [code  ] code_py_ratelimiter      64.30 tok/s  n= 400  
  [code  ] code_rust_mergesort      62.63 tok/s  n= 400  
  [code  ] code_nginx_cfg           63.77 tok/s  n= 400  
  [prose ] prose_rainbow            49.63 tok/s  n= 400  
  [prose ] prose_bookshelves        43.81 tok/s  n= 400  
  [prose ] prose_letter             42.27 tok/s  n= 400  
  [reason] reason_trains            60.33 tok/s  n= 400  
  [reason] reason_zebra             50.05 tok/s  n= 400  
  [reason] reason_scheduling        51.78 tok/s  n= 400  
  [chat  ] chat_desk_robot          38.48 tok/s  n= 400  
  [chat  ] chat_music               42.55 tok/s  n= 400  
  [chat  ] chat_advice              41.97 tok/s  n= 400  
  [zh    ] zh_self_intro            39.11 tok/s  n= 400  
  [zh    ] zh_tea                   36.96 tok/s  n= 400  
  [zh    ] zh_debug                 46.45 tok/s  n= 400  
  [code  ] code_go_worker           61.60 tok/s  n= 400  
  [code  ] code_sql_report          64.91 tok/s  n= 400  
  [prose ] prose_market             40.40 tok/s  n= 400  
  [prose ] prose_argument           42.78 tok/s  n= 400  
  [reason] reason_probability       61.70 tok/s  n= 400  
  [reason] reason_invariant         50.25 tok/s  n= 400  
  [chat  ] chat_travel              44.79 tok/s  n= 400  
  [chat  ] chat_disagree            42.82 tok/s  n= 400  
  [zh    ] zh_moving                36.11 tok/s  n= 400  
  [zh    ] zh_review                39.07 tok/s  n= 400  

=== pass03_mtp-n7@sm1200 ===
  gpu condition 'sm1200': mem_off=0 core_off=0 pl=420.0W mem_clk=9751.0MHz
  settled: 63.0C -> 60.0C in 10.1s (clock 1200.0 MHz)
  drafter: 0.02.002.974 I common_speculative_init_result: creating MTP draft context against the target model '/home/thc1006/dev/qw
  ready in 2.3s
  drafting confirmed: t_draft_n=7 on warmup
  [code  ] code_py_ratelimiter      53.19 tok/s  n= 400  
  [code  ] code_rust_mergesort      50.25 tok/s  n= 400  
  [code  ] code_nginx_cfg           51.43 tok/s  n= 400  
  [prose ] prose_rainbow            30.72 tok/s  n= 400  
  [prose ] prose_bookshelves        26.00 tok/s  n= 400  
  [prose ] prose_letter             25.93 tok/s  n= 400  
  [reason] reason_trains            48.33 tok/s  n= 400  
  [reason] reason_zebra             33.64 tok/s  n= 400  
  [reason] reason_scheduling        41.58 tok/s  n= 400  
  [chat  ] chat_desk_robot          23.76 tok/s  n= 400  
  [chat  ] chat_music               25.45 tok/s  n= 400  
  [chat  ] chat_advice              25.98 tok/s  n= 400  
  [zh    ] zh_self_intro            21.92 tok/s  n= 400  
  [zh    ] zh_tea                   23.70 tok/s  n= 400  
  [zh    ] zh_debug                 33.84 tok/s  n= 400  
  [code  ] code_go_worker           49.66 tok/s  n= 400  
  [code  ] code_sql_report          57.08 tok/s  n= 400  
  [prose ] prose_market             22.24 tok/s  n= 400  
  [prose ] prose_argument           25.68 tok/s  n= 400  
  [reason] reason_probability       47.78 tok/s  n= 400  
  [reason] reason_invariant         30.83 tok/s  n= 400  
  [chat  ] chat_travel              28.68 tok/s  n= 400  
  [chat  ] chat_disagree            27.31 tok/s  n= 400  
  [zh    ] zh_moving                19.64 tok/s  n= 400  
  [zh    ] zh_review                24.91 tok/s  n= 400  

=== pass03_baseline@sm1700 ===
  gpu condition 'sm1700': mem_off=0 core_off=0 pl=420.0W mem_clk=9751.0MHz
  settled: 63.0C -> 59.0C in 10.1s (clock 1710.0 MHz)
  ready in 2.2s
  [code  ] code_py_ratelimiter      41.34 tok/s  n= 400  
  [code  ] code_rust_mergesort      41.29 tok/s  n= 400  
  [code  ] code_nginx_cfg           41.33 tok/s  n= 400  
  [prose ] prose_rainbow            41.32 tok/s  n= 400  
  [prose ] prose_bookshelves        41.32 tok/s  n= 400  
  [prose ] prose_letter             41.33 tok/s  n= 400  
  [reason] reason_trains            41.33 tok/s  n= 400  
  [reason] reason_zebra             41.30 tok/s  n= 400  
  [reason] reason_scheduling        41.29 tok/s  n= 400  
  [chat  ] chat_desk_robot          41.32 tok/s  n= 400  
  [chat  ] chat_music               41.33 tok/s  n= 400  
  [chat  ] chat_advice              41.32 tok/s  n= 400  
  [zh    ] zh_self_intro            41.35 tok/s  n= 400  
  [zh    ] zh_tea                   41.33 tok/s  n= 400  
  [zh    ] zh_debug                 41.33 tok/s  n= 400  
  [code  ] code_go_worker           41.33 tok/s  n= 400  
  [code  ] code_sql_report          41.31 tok/s  n= 400  
  [prose ] prose_market             41.32 tok/s  n= 400  
  [prose ] prose_argument           41.32 tok/s  n= 400  
  [reason] reason_probability       41.28 tok/s  n= 400  
  [reason] reason_invariant         41.32 tok/s  n= 400  
  [chat  ] chat_travel              41.32 tok/s  n= 400  
  [chat  ] chat_disagree            41.32 tok/s  n= 400  
  [zh    ] zh_moving                41.33 tok/s  n= 400  
  [zh    ] zh_review                41.33 tok/s  n= 400  

=== pass03_mtp-n3@sm1700 ===
  gpu condition 'sm1700': mem_off=0 core_off=0 pl=420.0W mem_clk=9751.0MHz
  settled: 65.0C -> 60.0C in 20.1s (clock 1710.0 MHz)
  drafter: 0.01.957.783 I common_speculative_init_result: creating MTP draft context against the target model '/home/thc1006/dev/qw
  ready in 2.2s
  drafting confirmed: t_draft_n=3 on warmup
  [code  ] code_py_ratelimiter      84.16 tok/s  n= 400  
  [code  ] code_rust_mergesort      82.07 tok/s  n= 400  
  [code  ] code_nginx_cfg           83.41 tok/s  n= 400  
  [prose ] prose_rainbow            64.94 tok/s  n= 400  
  [prose ] prose_bookshelves        57.16 tok/s  n= 400  
  [prose ] prose_letter             55.19 tok/s  n= 400  
  [reason] reason_trains            78.50 tok/s  n= 400  
  [reason] reason_zebra             65.14 tok/s  n= 400  
  [reason] reason_scheduling        67.27 tok/s  n= 400  
  [chat  ] chat_desk_robot          49.98 tok/s  n= 400  
  [chat  ] chat_music               55.21 tok/s  n= 400  
  [chat  ] chat_advice              54.42 tok/s  n= 400  
  [zh    ] zh_self_intro            50.70 tok/s  n= 400  
  [zh    ] zh_tea                   47.92 tok/s  n= 400  
  [zh    ] zh_debug                 60.14 tok/s  n= 400  
  [code  ] code_go_worker           79.81 tok/s  n= 400  
  [code  ] code_sql_report          84.10 tok/s  n= 400  
  [prose ] prose_market             52.30 tok/s  n= 400  
  [prose ] prose_argument           55.34 tok/s  n= 400  
  [reason] reason_probability       79.58 tok/s  n= 400  
  [reason] reason_invariant         64.97 tok/s  n= 400  
  [chat  ] chat_travel              57.98 tok/s  n= 400  
  [chat  ] chat_disagree            55.42 tok/s  n= 400  
  [zh    ] zh_moving                46.73 tok/s  n= 400  
  [zh    ] zh_review                50.63 tok/s  n= 400  

=== pass03_mtp-n7@sm1700 ===
  gpu condition 'sm1700': mem_off=0 core_off=0 pl=420.0W mem_clk=9751.0MHz
  settled: 70.0C -> 60.0C in 35.1s (clock 1710.0 MHz)
  drafter: 0.01.989.958 I common_speculative_init_result: creating MTP draft context against the target model '/home/thc1006/dev/qw
  ready in 2.2s
  drafting confirmed: t_draft_n=7 on warmup
  [code  ] code_py_ratelimiter      70.54 tok/s  n= 400  
  [code  ] code_rust_mergesort      66.72 tok/s  n= 400  
  [code  ] code_nginx_cfg           68.21 tok/s  n= 400  
  [prose ] prose_rainbow            40.85 tok/s  n= 400  
  [prose ] prose_bookshelves        34.52 tok/s  n= 400  
  [prose ] prose_letter             34.47 tok/s  n= 400  
  [reason] reason_trains            63.93 tok/s  n= 400  
  [reason] reason_zebra             44.68 tok/s  n= 400  
  [reason] reason_scheduling        55.09 tok/s  n= 400  
  [chat  ] chat_desk_robot          31.54 tok/s  n= 400  
  [chat  ] chat_music               33.74 tok/s  n= 400  
  [chat  ] chat_advice              34.46 tok/s  n= 400  
  [zh    ] zh_self_intro            29.00 tok/s  n= 400  
  [zh    ] zh_tea                   31.51 tok/s  n= 400  
  [zh    ] zh_debug                 45.00 tok/s  n= 400  
  [code  ] code_go_worker           65.96 tok/s  n= 400  
  [code  ] code_sql_report          75.75 tok/s  n= 400  
  [prose ] prose_market             29.60 tok/s  n= 400  
  [prose ] prose_argument           34.13 tok/s  n= 400  
  [reason] reason_probability       63.41 tok/s  n= 400  
  [reason] reason_invariant         40.99 tok/s  n= 400  
  [chat  ] chat_travel              38.13 tok/s  n= 400  
  [chat  ] chat_disagree            36.29 tok/s  n= 400  
  [zh    ] zh_moving                26.14 tok/s  n= 400  
  [zh    ] zh_review                33.13 tok/s  n= 400  

=== pass03_baseline@sm1200-bwlo ===
  gpu condition 'sm1200-bwlo': mem_off=-800 core_off=0 pl=420.0W mem_clk=9351.0MHz
  settled: 68.0C -> 60.0C in 30.1s (clock 1200.0 MHz)
  ready in 2.3s
  [code  ] code_py_ratelimiter      36.71 tok/s  n= 400  
  [code  ] code_rust_mergesort      36.72 tok/s  n= 400  
  [code  ] code_nginx_cfg           36.71 tok/s  n= 400  
  [prose ] prose_rainbow            36.71 tok/s  n= 400  
  [prose ] prose_bookshelves        36.69 tok/s  n= 400  
  [prose ] prose_letter             36.71 tok/s  n= 400  
  [reason] reason_trains            36.69 tok/s  n= 400  
  [reason] reason_zebra             36.68 tok/s  n= 400  
  [reason] reason_scheduling        36.70 tok/s  n= 400  
  [chat  ] chat_desk_robot          36.71 tok/s  n= 400  
  [chat  ] chat_music               36.72 tok/s  n= 400  
  [chat  ] chat_advice              36.70 tok/s  n= 400  
  [zh    ] zh_self_intro            36.71 tok/s  n= 400  
  [zh    ] zh_tea                   36.71 tok/s  n= 400  
  [zh    ] zh_debug                 36.72 tok/s  n= 400  
  [code  ] code_go_worker           36.73 tok/s  n= 400  
  [code  ] code_sql_report          36.71 tok/s  n= 400  
  [prose ] prose_market             36.67 tok/s  n= 400  
  [prose ] prose_argument           36.74 tok/s  n= 400  
  [reason] reason_probability       36.67 tok/s  n= 400  
  [reason] reason_invariant         36.69 tok/s  n= 400  
  [chat  ] chat_travel              36.73 tok/s  n= 400  
  [chat  ] chat_disagree            36.71 tok/s  n= 400  
  [zh    ] zh_moving                36.70 tok/s  n= 400  
  [zh    ] zh_review                36.74 tok/s  n= 400  

=== pass03_mtp-n3@sm1200-bwlo ===
  gpu condition 'sm1200-bwlo': mem_off=-800 core_off=0 pl=420.0W mem_clk=9351.0MHz
  settled: 65.0C -> 60.0C in 15.1s (clock 1200.0 MHz)
  drafter: 0.02.033.878 I common_speculative_init_result: creating MTP draft context against the target model '/home/thc1006/dev/qw
  ready in 2.2s
  drafting confirmed: t_draft_n=3 on warmup
  [code  ] code_py_ratelimiter      64.20 tok/s  n= 400  
  [code  ] code_rust_mergesort      62.40 tok/s  n= 400  
  [code  ] code_nginx_cfg           63.58 tok/s  n= 400  
  [prose ] prose_rainbow            49.41 tok/s  n= 400  
  [prose ] prose_bookshelves        43.64 tok/s  n= 400  
  [prose ] prose_letter             42.14 tok/s  n= 400  
  [reason] reason_trains            60.15 tok/s  n= 400  
  [reason] reason_zebra             49.88 tok/s  n= 400  
  [reason] reason_scheduling        51.58 tok/s  n= 400  
  [chat  ] chat_desk_robot          38.34 tok/s  n= 400  
  [chat  ] chat_music               42.35 tok/s  n= 400  
  [chat  ] chat_advice              41.81 tok/s  n= 400  
  [zh    ] zh_self_intro            38.93 tok/s  n= 400  
  [zh    ] zh_tea                   36.82 tok/s  n= 400  
  [zh    ] zh_debug                 46.24 tok/s  n= 400  
  [code  ] code_go_worker           61.31 tok/s  n= 400  
  [code  ] code_sql_report          64.63 tok/s  n= 400  
  [prose ] prose_market             40.25 tok/s  n= 400  
  [prose ] prose_argument           42.59 tok/s  n= 400  
  [reason] reason_probability       61.39 tok/s  n= 400  
  [reason] reason_invariant         50.08 tok/s  n= 400  
  [chat  ] chat_travel              44.62 tok/s  n= 400  
  [chat  ] chat_disagree            42.63 tok/s  n= 400  
  [zh    ] zh_moving                35.94 tok/s  n= 400  
  [zh    ] zh_review                38.93 tok/s  n= 400  

=== pass03_mtp-n7@sm1200-bwlo ===
  gpu condition 'sm1200-bwlo': mem_off=-800 core_off=0 pl=420.0W mem_clk=9351.0MHz
  settled: 62.0C -> 60.0C in 5.0s (clock 1200.0 MHz)
  drafter: 0.01.987.148 I common_speculative_init_result: creating MTP draft context against the target model '/home/thc1006/dev/qw
  ready in 2.2s
  drafting confirmed: t_draft_n=7 on warmup
  [code  ] code_py_ratelimiter      53.06 tok/s  n= 400  
  [code  ] code_rust_mergesort      50.16 tok/s  n= 400  
  [code  ] code_nginx_cfg           51.30 tok/s  n= 400  
  [prose ] prose_rainbow            30.63 tok/s  n= 400  
  [prose ] prose_bookshelves        25.92 tok/s  n= 400  
  [prose ] prose_letter             25.86 tok/s  n= 400  
  [reason] reason_trains            48.23 tok/s  n= 400  
  [reason] reason_zebra             33.54 tok/s  n= 400  
  [reason] reason_scheduling        41.42 tok/s  n= 400  
  [chat  ] chat_desk_robot          23.69 tok/s  n= 400  
  [chat  ] chat_music               25.38 tok/s  n= 400  
  [chat  ] chat_advice              25.89 tok/s  n= 400  
  [zh    ] zh_self_intro            21.86 tok/s  n= 400  
  [zh    ] zh_tea                   23.64 tok/s  n= 400  
  [zh    ] zh_debug                 33.76 tok/s  n= 400  
  [code  ] code_go_worker           49.53 tok/s  n= 400  
  [code  ] code_sql_report          56.89 tok/s  n= 400  
  [prose ] prose_market             22.20 tok/s  n= 400  
  [prose ] prose_argument           25.58 tok/s  n= 400  
  [reason] reason_probability       47.62 tok/s  n= 400  
  [reason] reason_invariant         30.76 tok/s  n= 400  
  [chat  ] chat_travel              28.60 tok/s  n= 400  
  [chat  ] chat_disagree            27.21 tok/s  n= 400  
  [zh    ] zh_moving                19.59 tok/s  n= 400  
  [zh    ] zh_review                24.84 tok/s  n= 400  

=== pass03_baseline@sm1200-bwhi ===
  gpu condition 'sm1200-bwhi': mem_off=800 core_off=0 pl=420.0W mem_clk=10151.0MHz
  settled: 62.0C -> 60.0C in 5.0s (clock 1200.0 MHz)
  ready in 2.2s
  [code  ] code_py_ratelimiter      38.37 tok/s  n= 400  
  [code  ] code_rust_mergesort      38.36 tok/s  n= 400  
  [code  ] code_nginx_cfg           38.34 tok/s  n= 400  
  [prose ] prose_rainbow            38.34 tok/s  n= 400  
  [prose ] prose_bookshelves        38.35 tok/s  n= 400  
  [prose ] prose_letter             38.33 tok/s  n= 400  
  [reason] reason_trains            38.32 tok/s  n= 400  
  [reason] reason_zebra             38.31 tok/s  n= 400  
  [reason] reason_scheduling        38.31 tok/s  n= 400  
  [chat  ] chat_desk_robot          38.36 tok/s  n= 400  
  [chat  ] chat_music               38.36 tok/s  n= 400  
  [chat  ] chat_advice              38.37 tok/s  n= 400  
  [zh    ] zh_self_intro            38.34 tok/s  n= 400  
  [zh    ] zh_tea                   38.29 tok/s  n= 400  
  [zh    ] zh_debug                 38.35 tok/s  n= 400  
  [code  ] code_go_worker           38.33 tok/s  n= 400  
  [code  ] code_sql_report          38.31 tok/s  n= 400  
  [prose ] prose_market             38.31 tok/s  n= 400  
  [prose ] prose_argument           38.29 tok/s  n= 400  
  [reason] reason_probability       38.26 tok/s  n= 400  
  [reason] reason_invariant         38.32 tok/s  n= 400  
  [chat  ] chat_travel              38.31 tok/s  n= 400  
  [chat  ] chat_disagree            38.32 tok/s  n= 400  
  [zh    ] zh_moving                38.31 tok/s  n= 400  
  [zh    ] zh_review                38.29 tok/s  n= 400  

=== pass03_mtp-n3@sm1200-bwhi ===
  gpu condition 'sm1200-bwhi': mem_off=800 core_off=0 pl=420.0W mem_clk=10151.0MHz
  settled: 64.0C -> 60.0C in 15.1s (clock 1200.0 MHz)
  drafter: 0.01.992.343 I common_speculative_init_result: creating MTP draft context against the target model '/home/thc1006/dev/qw
  ready in 2.2s
  drafting confirmed: t_draft_n=3 on warmup
  [code  ] code_py_ratelimiter      64.44 tok/s  n= 400  
  [code  ] code_rust_mergesort      62.81 tok/s  n= 400  
  [code  ] code_nginx_cfg           63.85 tok/s  n= 400  
  [prose ] prose_rainbow            49.66 tok/s  n= 400  
  [prose ] prose_bookshelves        43.84 tok/s  n= 400  
  [prose ] prose_letter             42.31 tok/s  n= 400  
  [reason] reason_trains            60.42 tok/s  n= 400  
  [reason] reason_zebra             50.08 tok/s  n= 400  
  [reason] reason_scheduling        51.82 tok/s  n= 400  
  [chat  ] chat_desk_robot          38.51 tok/s  n= 400  
  [chat  ] chat_music               42.61 tok/s  n= 400  
  [chat  ] chat_advice              41.96 tok/s  n= 400  
  [zh    ] zh_self_intro            39.09 tok/s  n= 400  
  [zh    ] zh_tea                   36.99 tok/s  n= 400  
  [zh    ] zh_debug                 46.45 tok/s  n= 400  
  [code  ] code_go_worker           61.62 tok/s  n= 400  
  [code  ] code_sql_report          64.84 tok/s  n= 400  
  [prose ] prose_market             40.43 tok/s  n= 400  
  [prose ] prose_argument           42.81 tok/s  n= 400  
  [reason] reason_probability       61.73 tok/s  n= 400  
  [reason] reason_invariant         50.28 tok/s  n= 400  
  [chat  ] chat_travel              44.79 tok/s  n= 400  
  [chat  ] chat_disagree            42.86 tok/s  n= 400  
  [zh    ] zh_moving                36.14 tok/s  n= 400  
  [zh    ] zh_review                39.08 tok/s  n= 400  

=== pass03_mtp-n7@sm1200-bwhi ===
  gpu condition 'sm1200-bwhi': mem_off=800 core_off=0 pl=420.0W mem_clk=10151.0MHz
  settled: 63.0C -> 60.0C in 10.1s (clock 1200.0 MHz)
  drafter: 0.01.986.324 I common_speculative_init_result: creating MTP draft context against the target model '/home/thc1006/dev/qw
  ready in 2.2s
  drafting confirmed: t_draft_n=7 on warmup
  [code  ] code_py_ratelimiter      53.23 tok/s  n= 400  
  [code  ] code_rust_mergesort      50.29 tok/s  n= 400  
  [code  ] code_nginx_cfg           51.52 tok/s  n= 400  
  [prose ] prose_rainbow            30.76 tok/s  n= 400  
  [prose ] prose_bookshelves        26.04 tok/s  n= 400  
  [prose ] prose_letter             25.97 tok/s  n= 400  
  [reason] reason_trains            48.38 tok/s  n= 400  
  [reason] reason_zebra             33.70 tok/s  n= 400  
  [reason] reason_scheduling        41.59 tok/s  n= 400  
  [chat  ] chat_desk_robot          23.79 tok/s  n= 400  
  [chat  ] chat_music               25.47 tok/s  n= 400  
  [chat  ] chat_advice              26.02 tok/s  n= 400  
  [zh    ] zh_self_intro            21.95 tok/s  n= 400  
  [zh    ] zh_tea                   23.75 tok/s  n= 400  
  [zh    ] zh_debug                 33.91 tok/s  n= 400  
  [code  ] code_go_worker           49.74 tok/s  n= 400  
  [code  ] code_sql_report          57.16 tok/s  n= 400  
  [prose ] prose_market             22.28 tok/s  n= 400  
  [prose ] prose_argument           25.72 tok/s  n= 400  
  [reason] reason_probability       47.82 tok/s  n= 400  
  [reason] reason_invariant         30.88 tok/s  n= 400  
  [chat  ] chat_travel              28.71 tok/s  n= 400  
  [chat  ] chat_disagree            27.35 tok/s  n= 400  
  [zh    ] zh_moving                19.68 tok/s  n= 400  
  [zh    ] zh_review                24.95 tok/s  n= 400  

=== pass03_baseline@sm1700-bwlo ===
  gpu condition 'sm1700-bwlo': mem_off=-800 core_off=0 pl=420.0W mem_clk=9351.0MHz
  settled: 64.0C -> 60.0C in 10.1s (clock 1710.0 MHz)
  ready in 2.2s
  [code  ] code_py_ratelimiter      39.91 tok/s  n= 400  
  [code  ] code_rust_mergesort      39.87 tok/s  n= 400  
  [code  ] code_nginx_cfg           39.92 tok/s  n= 400  
  [prose ] prose_rainbow            39.90 tok/s  n= 400  
  [prose ] prose_bookshelves        39.84 tok/s  n= 400  
  [prose ] prose_letter             39.86 tok/s  n= 400  
  [reason] reason_trains            39.85 tok/s  n= 400  
  [reason] reason_zebra             39.79 tok/s  n= 400  
  [reason] reason_scheduling        39.82 tok/s  n= 400  
  [chat  ] chat_desk_robot          39.85 tok/s  n= 400  
  [chat  ] chat_music               39.85 tok/s  n= 400  
  [chat  ] chat_advice              39.91 tok/s  n= 400  
  [zh    ] zh_self_intro            39.86 tok/s  n= 400  
  [zh    ] zh_tea                   39.90 tok/s  n= 400  
  [zh    ] zh_debug                 39.86 tok/s  n= 400  
  [code  ] code_go_worker           39.87 tok/s  n= 400  
  [code  ] code_sql_report          39.86 tok/s  n= 400  
  [prose ] prose_market             39.89 tok/s  n= 400  
  [prose ] prose_argument           39.88 tok/s  n= 400  
  [reason] reason_probability       39.85 tok/s  n= 400  
  [reason] reason_invariant         39.87 tok/s  n= 400  
  [chat  ] chat_travel              39.87 tok/s  n= 400  
  [chat  ] chat_disagree            39.84 tok/s  n= 400  
  [zh    ] zh_moving                39.85 tok/s  n= 400  
  [zh    ] zh_review                39.85 tok/s  n= 400  

=== pass03_mtp-n3@sm1700-bwlo ===
  gpu condition 'sm1700-bwlo': mem_off=-800 core_off=0 pl=420.0W mem_clk=9351.0MHz
  settled: 67.0C -> 60.0C in 30.1s (clock 1710.0 MHz)
  drafter: 0.01.974.665 I common_speculative_init_result: creating MTP draft context against the target model '/home/thc1006/dev/qw
  ready in 2.2s
  drafting confirmed: t_draft_n=3 on warmup
  [code  ] code_py_ratelimiter      83.07 tok/s  n= 400  
  [code  ] code_rust_mergesort      81.29 tok/s  n= 400  
  [code  ] code_nginx_cfg           82.65 tok/s  n= 400  
  [prose ] prose_rainbow            64.40 tok/s  n= 400  
  [prose ] prose_bookshelves        56.87 tok/s  n= 400  
  [prose ] prose_letter             54.79 tok/s  n= 400  
  [reason] reason_trains            77.90 tok/s  n= 400  
  [reason] reason_zebra             64.77 tok/s  n= 400  
  [reason] reason_scheduling        66.95 tok/s  n= 400  
  [chat  ] chat_desk_robot          49.70 tok/s  n= 400  
  [chat  ] chat_music               54.90 tok/s  n= 400  
  [chat  ] chat_advice              54.16 tok/s  n= 400  
  [zh    ] zh_self_intro            50.40 tok/s  n= 400  
  [zh    ] zh_tea                   47.60 tok/s  n= 400  
  [zh    ] zh_debug                 59.81 tok/s  n= 400  
  [code  ] code_go_worker           79.43 tok/s  n= 400  
  [code  ] code_sql_report          83.53 tok/s  n= 400  
  [prose ] prose_market             51.86 tok/s  n= 400  
  [prose ] prose_argument           55.21 tok/s  n= 400  
  [reason] reason_probability       79.45 tok/s  n= 400  
  [reason] reason_invariant         64.88 tok/s  n= 400  
  [chat  ] chat_travel              57.79 tok/s  n= 400  
  [chat  ] chat_disagree            55.22 tok/s  n= 400  
  [zh    ] zh_moving                46.60 tok/s  n= 400  
  [zh    ] zh_review                50.37 tok/s  n= 400  

=== pass03_mtp-n7@sm1700-bwlo ===
  gpu condition 'sm1700-bwlo': mem_off=-800 core_off=0 pl=420.0W mem_clk=9351.0MHz
  settled: 68.0C -> 60.0C in 35.1s (clock 1710.0 MHz)
  drafter: 0.01.977.718 I common_speculative_init_result: creating MTP draft context against the target model '/home/thc1006/dev/qw
  ready in 2.2s
  drafting confirmed: t_draft_n=7 on warmup
  [code  ] code_py_ratelimiter      69.92 tok/s  n= 400  
  [code  ] code_rust_mergesort      66.25 tok/s  n= 400  
  [code  ] code_nginx_cfg           67.75 tok/s  n= 400  
  [prose ] prose_rainbow            40.58 tok/s  n= 400  
  [prose ] prose_bookshelves        34.30 tok/s  n= 400  
  [prose ] prose_letter             34.23 tok/s  n= 400  
  [reason] reason_trains            63.58 tok/s  n= 400  
  [reason] reason_zebra             44.37 tok/s  n= 400  
  [reason] reason_scheduling        54.76 tok/s  n= 400  
  [chat  ] chat_desk_robot          31.36 tok/s  n= 400  
  [chat  ] chat_music               33.57 tok/s  n= 400  
  [chat  ] chat_advice              34.28 tok/s  n= 400  
  [zh    ] zh_self_intro            28.91 tok/s  n= 400  
  [zh    ] zh_tea                   31.29 tok/s  n= 400  
  [zh    ] zh_debug                 44.66 tok/s  n= 400  
  [code  ] code_go_worker           65.36 tok/s  n= 400  
  [code  ] code_sql_report          75.04 tok/s  n= 400  
  [prose ] prose_market             29.40 tok/s  n= 400  
  [prose ] prose_argument           33.90 tok/s  n= 400  
  [reason] reason_probability       62.85 tok/s  n= 400  
  [reason] reason_invariant         40.65 tok/s  n= 400  
  [chat  ] chat_travel              37.78 tok/s  n= 400  
  [chat  ] chat_disagree            36.00 tok/s  n= 400  
  [zh    ] zh_moving                25.95 tok/s  n= 400  
  [zh    ] zh_review                32.90 tok/s  n= 400  

=== pass03_baseline@sm1700-bwhi ===
  gpu condition 'sm1700-bwhi': mem_off=800 core_off=0 pl=420.0W mem_clk=10151.0MHz
  settled: 69.0C -> 60.0C in 40.2s (clock 1710.0 MHz)
  ready in 2.2s
  [code  ] code_py_ratelimiter      42.67 tok/s  n= 400  
  [code  ] code_rust_mergesort      42.66 tok/s  n= 400  
  [code  ] code_nginx_cfg           42.68 tok/s  n= 400  
  [prose ] prose_rainbow            42.64 tok/s  n= 400  
  [prose ] prose_bookshelves        42.70 tok/s  n= 400  
  [prose ] prose_letter             42.67 tok/s  n= 400  
  [reason] reason_trains            42.59 tok/s  n= 400  
  [reason] reason_zebra             42.60 tok/s  n= 400  
  [reason] reason_scheduling        42.61 tok/s  n= 400  
  [chat  ] chat_desk_robot          42.65 tok/s  n= 400  
  [chat  ] chat_music               42.66 tok/s  n= 400  
  [chat  ] chat_advice              42.63 tok/s  n= 400  
  [zh    ] zh_self_intro            42.66 tok/s  n= 400  
  [zh    ] zh_tea                   42.66 tok/s  n= 400  
  [zh    ] zh_debug                 42.66 tok/s  n= 400  
  [code  ] code_go_worker           42.64 tok/s  n= 400  
  [code  ] code_sql_report          42.65 tok/s  n= 400  
  [prose ] prose_market             42.62 tok/s  n= 400  
  [prose ] prose_argument           42.68 tok/s  n= 400  
  [reason] reason_probability       42.61 tok/s  n= 400  
  [reason] reason_invariant         42.60 tok/s  n= 400  
  [chat  ] chat_travel              42.67 tok/s  n= 400  
  [chat  ] chat_disagree            42.67 tok/s  n= 400  
  [zh    ] zh_moving                42.65 tok/s  n= 400  
  [zh    ] zh_review                42.70 tok/s  n= 400  

=== pass03_mtp-n3@sm1700-bwhi ===
  gpu condition 'sm1700-bwhi': mem_off=800 core_off=0 pl=420.0W mem_clk=10151.0MHz
  settled: 68.0C -> 60.0C in 25.1s (clock 1710.0 MHz)
  drafter: 0.01.963.467 I common_speculative_init_result: creating MTP draft context against the target model '/home/thc1006/dev/qw
  ready in 2.2s
  drafting confirmed: t_draft_n=3 on warmup
  [code  ] code_py_ratelimiter      84.90 tok/s  n= 400  
  [code  ] code_rust_mergesort      82.55 tok/s  n= 400  
  [code  ] code_nginx_cfg           83.93 tok/s  n= 400  
  [prose ] prose_rainbow            65.18 tok/s  n= 400  
  [prose ] prose_bookshelves        57.45 tok/s  n= 400  
  [prose ] prose_letter             55.33 tok/s  n= 400  
  [reason] reason_trains            78.74 tok/s  n= 400  
  [reason] reason_zebra             65.29 tok/s  n= 400  
  [reason] reason_scheduling        67.57 tok/s  n= 400  
  [chat  ] chat_desk_robot          50.12 tok/s  n= 400  
  [chat  ] chat_music               55.37 tok/s  n= 400  
  [chat  ] chat_advice              54.61 tok/s  n= 400  
  [zh    ] zh_self_intro            50.84 tok/s  n= 400  
  [zh    ] zh_tea                   48.11 tok/s  n= 400  
  [zh    ] zh_debug                 60.42 tok/s  n= 400  
